ISO-10303-21;
HEADER;
FILE_DESCRIPTION(('ViewDefinition[DesignTransferView]'),'2;1');
FILE_NAME('/dev/null','2026-10-03T21:40:07+01:00',(''),(''),'IfcOpenShell 0.8.4.post1','IfcOpenShell 0.8.4.post1','Nobody');
FILE_SCHEMA(('IFC4'));
ENDSEC;
DATA;
#1=IFCPROJECT('01lGMji0f6M8epSQ8KA_v9',$,'Resid\X2\00EA\X0\ncia unifamiliar \X2\2014\X0\ reconstru\X2\00E700E3\X0\o',$,$,$,$,(#10),#5);
#2=IFCSIUNIT(*,.LENGTHUNIT.,$,.METRE.);
#3=IFCSIUNIT(*,.AREAUNIT.,$,.SQUARE_METRE.);
#4=IFCSIUNIT(*,.VOLUMEUNIT.,$,.CUBIC_METRE.);
#5=IFCUNITASSIGNMENT((#4,#2,#3));
#6=IFCCARTESIANPOINT((0.,0.,0.));
#7=IFCDIRECTION((0.,0.,1.));
#8=IFCDIRECTION((1.,0.,0.));
#9=IFCAXIS2PLACEMENT3D(#6,#7,#8);
#10=IFCGEOMETRICREPRESENTATIONCONTEXT($,'Model',3,1.E-05,#9,$);
#11=IFCGEOMETRICREPRESENTATIONSUBCONTEXT('Body','Model',*,*,*,*,#10,$,.MODEL_VIEW.,$);
#12=IFCSITE('3Afi9SGOXCYxuvC2I_igRG',$,'Lote 30 x 25 m',$,$,$,$,$,$,$,$,$,$,$);
#13=IFCBUILDING('3Ez3II5Hb0MuASY5FG04O6',$,'Resid\X2\00EA\X0\ncia',$,$,$,$,$,$,$,$,$);
#14=IFCBUILDINGSTOREY('2jkMLhDWP3dA8axCIqKq41',$,'T\X2\00E9\X0\rreo (piso acabado 0,00)',$,$,$,$,$,$,0.);
#15=IFCRELAGGREGATES('12ybCWOQD1xfOBzkb$FWEM',$,$,$,#1,(#12));
#16=IFCRELAGGREGATES('0L1G5jWdXBvQ8F8zm3luUa',$,$,$,#12,(#13));
#17=IFCRELAGGREGATES('199BBY2NLDXw5K82AANjDT',$,$,$,#13,(#14));
#18=IFCWALL('0BRcPKXSXD59LPqFmpFVWH',$,'PAR-N1',$,$,#40,#29,$,$);
#19=IFCCARTESIANPOINTLIST2D(((0.,0.),(0.75,0.),(0.75,0.2),(0.,0.2)));
#20=IFCINDEXEDPOLYCURVE(#19,(IFCLINEINDEX((1,2,3,4,1))),$);
#21=IFCARBITRARYCLOSEDPROFILEDEF(.AREA.,$,#20);
#22=IFCCARTESIANPOINT((0.,0.,0.));
#23=IFCDIRECTION((0.,0.,1.));
#24=IFCDIRECTION((1.,0.,0.));
#25=IFCAXIS2PLACEMENT3D(#22,#23,#24);
#26=IFCDIRECTION((0.,0.,1.));
#27=IFCEXTRUDEDAREASOLID(#21,#25,#26,3.2);
#28=IFCSHAPEREPRESENTATION(#11,'Body','SweptSolid',(#27));
#29=IFCPRODUCTDEFINITIONSHAPE($,$,(#28));
#35=IFCRELCONTAINEDINSPATIALSTRUCTURE('3GgQK$xS54TOsg1Cxlzi8J',$,$,$,(#100,#945,#289,#1517,#2171,#1911,#1570,#1649,#397,#1781,#1464,#1543,#18,#2353,#73,#1358,#2067,#1411,#2223,#777,#1305,#2093,#559,#2249,#46,#235,#640,#1963,#1833,#343,#1989,#2405,#532,#721,#424,#1225,#2781,#1278,#1729,#2145,#1885,#2301,#833,#1623,#505,#2457,#1755,#694,#2327,#181,#586,#2041,#1702,#1057,#1596,#478,#370,#2197,#1937,#1169,#1807,#667,#1490,#262,#2379,#451,#889,#154,#1384,#1437,#1252,#1331,#2119,#1001,#1859,#2275,#1113,#127,#316,#2015,#1676,#2431,#208,#613),#14);
#36=IFCCARTESIANPOINT((-0.1,-0.1,0.));
#37=IFCDIRECTION((0.,0.,1.));
#38=IFCDIRECTION((1.,0.,0.));
#39=IFCAXIS2PLACEMENT3D(#36,#37,#38);
#40=IFCLOCALPLACEMENT($,#39);
#41=IFCPROPERTYSET('3lcq79F8zEuB5pNVZlOK1v',$,'Pset_Reconstrucao',$,(#43,#44,#45));
#42=IFCRELDEFINESBYPROPERTIES('1VZae8TwH8A8ewLQgCG1QC',$,$,$,(#18),#41);
#43=IFCPROPERTYSINGLEVALUE('Fonte',$,IFCLABEL('PDF folhas 01/02'),$);
#44=IFCPROPERTYSINGLEVALUE('Status',$,IFCLABEL('X'),$);
#45=IFCPROPERTYSINGLEVALUE('Espessura_m',$,IFCLABEL('0.2'),$);
#46=IFCWALL('0JvIsHDj97UftWyKXleGhv',$,'PAR-W1',$,$,#67,#57,$,$);
#47=IFCCARTESIANPOINTLIST2D(((0.,0.),(0.2,0.),(0.2,0.6),(0.,0.6)));
#48=IFCINDEXEDPOLYCURVE(#47,(IFCLINEINDEX((1,2,3,4,1))),$);
#49=IFCARBITRARYCLOSEDPROFILEDEF(.AREA.,$,#48);
#50=IFCCARTESIANPOINT((0.,0.,0.));
#51=IFCDIRECTION((0.,0.,1.));
#52=IFCDIRECTION((1.,0.,0.));
#53=IFCAXIS2PLACEMENT3D(#50,#51,#52);
#54=IFCDIRECTION((0.,0.,1.));
#55=IFCEXTRUDEDAREASOLID(#49,#53,#54,3.2);
#56=IFCSHAPEREPRESENTATION(#11,'Body','SweptSolid',(#55));
#57=IFCPRODUCTDEFINITIONSHAPE($,$,(#56));
#63=IFCCARTESIANPOINT((-0.1,-0.7,0.));
#64=IFCDIRECTION((0.,0.,1.));
#65=IFCDIRECTION((1.,0.,0.));
#66=IFCAXIS2PLACEMENT3D(#63,#64,#65);
#67=IFCLOCALPLACEMENT($,#66);
#68=IFCPROPERTYSET('32gSQBTonAVfasle3gp26J',$,'Pset_Reconstrucao',$,(#70,#71,#72));
#69=IFCRELDEFINESBYPROPERTIES('0z$bgK4YXFbfd0ewuhBGDQ',$,$,$,(#46),#68);
#70=IFCPROPERTYSINGLEVALUE('Fonte',$,IFCLABEL('PDF folhas 01/02'),$);
#71=IFCPROPERTYSINGLEVALUE('Status',$,IFCLABEL('X'),$);
#72=IFCPROPERTYSINGLEVALUE('Espessura_m',$,IFCLABEL('0.2'),$);
#73=IFCWALL('3_ocG5kjT15fGWHN7ewIjp',$,'PAR-N2',$,$,#94,#84,$,$);
#74=IFCCARTESIANPOINTLIST2D(((0.,0.),(2.,0.),(2.,0.2),(0.,0.2)));
#75=IFCINDEXEDPOLYCURVE(#74,(IFCLINEINDEX((1,2,3,4,1))),$);
#76=IFCARBITRARYCLOSEDPROFILEDEF(.AREA.,$,#75);
#77=IFCCARTESIANPOINT((0.,0.,0.));
#78=IFCDIRECTION((0.,0.,1.));
#79=IFCDIRECTION((1.,0.,0.));
#80=IFCAXIS2PLACEMENT3D(#77,#78,#79);
#81=IFCDIRECTION((0.,0.,1.));
#82=IFCEXTRUDEDAREASOLID(#76,#80,#81,3.2);
#83=IFCSHAPEREPRESENTATION(#11,'Body','SweptSolid',(#82));
#84=IFCPRODUCTDEFINITIONSHAPE($,$,(#83));
#90=IFCCARTESIANPOINT((4.6,-0.1,0.));
#91=IFCDIRECTION((0.,0.,1.));
#92=IFCDIRECTION((1.,0.,0.));
#93=IFCAXIS2PLACEMENT3D(#90,#91,#92);
#94=IFCLOCALPLACEMENT($,#93);
#95=IFCPROPERTYSET('1MSvEKZufANfsgIfe0IbTF',$,'Pset_Reconstrucao',$,(#97,#98,#99));
#96=IFCRELDEFINESBYPROPERTIES('3Nh4Gz25fDkuVBxuIZ0pF7',$,$,$,(#73),#95);
#97=IFCPROPERTYSINGLEVALUE('Fonte',$,IFCLABEL('PDF folhas 01/02'),$);
#98=IFCPROPERTYSINGLEVALUE('Status',$,IFCLABEL('C 2,00'),$);
#99=IFCPROPERTYSINGLEVALUE('Espessura_m',$,IFCLABEL('0.2'),$);
#100=IFCWALL('0XqS0ewhDEGece5nu69txL',$,'PIL-A3',$,$,#121,#111,$,$);
#101=IFCCARTESIANPOINTLIST2D(((0.,0.),(0.199999999999999,0.),(0.199999999999999,0.2),(0.,0.2)));
#102=IFCINDEXEDPOLYCURVE(#101,(IFCLINEINDEX((1,2,3,4,1))),$);
#103=IFCARBITRARYCLOSEDPROFILEDEF(.AREA.,$,#102);
#104=IFCCARTESIANPOINT((0.,0.,0.));
#105=IFCDIRECTION((0.,0.,1.));
#106=IFCDIRECTION((1.,0.,0.));
#107=IFCAXIS2PLACEMENT3D(#104,#105,#106);
#108=IFCDIRECTION((0.,0.,1.));
#109=IFCEXTRUDEDAREASOLID(#103,#107,#108,3.2);
#110=IFCSHAPEREPRESENTATION(#11,'Body','SweptSolid',(#109));
#111=IFCPRODUCTDEFINITIONSHAPE($,$,(#110));
#117=IFCCARTESIANPOINT((8.3,-0.1,0.));
#118=IFCDIRECTION((0.,0.,1.));
#119=IFCDIRECTION((1.,0.,0.));
#120=IFCAXIS2PLACEMENT3D(#117,#118,#119);
#121=IFCLOCALPLACEMENT($,#120);
#122=IFCPROPERTYSET('0AA1bU9mL9BeHoGTjIZLuT',$,'Pset_Reconstrucao',$,(#124,#125,#126));
#123=IFCRELDEFINESBYPROPERTIES('3OvpfCDN964xFR4Dx7VKNO',$,$,$,(#100),#122);
#124=IFCPROPERTYSINGLEVALUE('Fonte',$,IFCLABEL('PDF folhas 01/02'),$);
#125=IFCPROPERTYSINGLEVALUE('Status',$,IFCLABEL('C 0,20'),$);
#126=IFCPROPERTYSINGLEVALUE('Espessura_m',$,IFCLABEL('0.2'),$);
#127=IFCWALL('20R7H6gWjD8uwkds02bK$w',$,'PIL-A7',$,$,#148,#138,$,$);
#128=IFCCARTESIANPOINTLIST2D(((0.,0.),(0.399999999999999,0.),(0.399999999999999,0.2),(0.,0.2)));
#129=IFCINDEXEDPOLYCURVE(#128,(IFCLINEINDEX((1,2,3,4,1))),$);
#130=IFCARBITRARYCLOSEDPROFILEDEF(.AREA.,$,#129);
#131=IFCCARTESIANPOINT((0.,0.,0.));
#132=IFCDIRECTION((0.,0.,1.));
#133=IFCDIRECTION((1.,0.,0.));
#134=IFCAXIS2PLACEMENT3D(#131,#132,#133);
#135=IFCDIRECTION((0.,0.,1.));
#136=IFCEXTRUDEDAREASOLID(#130,#134,#135,3.2);
#137=IFCSHAPEREPRESENTATION(#11,'Body','SweptSolid',(#136));
#138=IFCPRODUCTDEFINITIONSHAPE($,$,(#137));
#144=IFCCARTESIANPOINT((12.8,-0.1,0.));
#145=IFCDIRECTION((0.,0.,1.));
#146=IFCDIRECTION((1.,0.,0.));
#147=IFCAXIS2PLACEMENT3D(#144,#145,#146);
#148=IFCLOCALPLACEMENT($,#147);
#149=IFCPROPERTYSET('1aPvrcdc5Fkh6O$_xBkmSh',$,'Pset_Reconstrucao',$,(#151,#152,#153));
#150=IFCRELDEFINESBYPROPERTIES('32VqS1Uq97bRYeCFDbGQg1',$,$,$,(#127),#149);
#151=IFCPROPERTYSINGLEVALUE('Fonte',$,IFCLABEL('PDF folhas 01/02'),$);
#152=IFCPROPERTYSINGLEVALUE('Status',$,IFCLABEL('C 0,40 (pilar 40x20)'),$);
#153=IFCPROPERTYSINGLEVALUE('Espessura_m',$,IFCLABEL('0.2'),$);
#154=IFCWALL('2VA5rVpF5EBRR3d6Y9tMhl',$,'PIL-C1',$,$,#175,#165,$,$);
#155=IFCCARTESIANPOINTLIST2D(((0.,0.),(0.2,0.),(0.2,0.399999999999999),(0.,0.399999999999999)));
#156=IFCINDEXEDPOLYCURVE(#155,(IFCLINEINDEX((1,2,3,4,1))),$);
#157=IFCARBITRARYCLOSEDPROFILEDEF(.AREA.,$,#156);
#158=IFCCARTESIANPOINT((0.,0.,0.));
#159=IFCDIRECTION((0.,0.,1.));
#160=IFCDIRECTION((1.,0.,0.));
#161=IFCAXIS2PLACEMENT3D(#158,#159,#160);
#162=IFCDIRECTION((0.,0.,1.));
#163=IFCEXTRUDEDAREASOLID(#157,#161,#162,3.2);
#164=IFCSHAPEREPRESENTATION(#11,'Body','SweptSolid',(#163));
#165=IFCPRODUCTDEFINITIONSHAPE($,$,(#164));
#171=IFCCARTESIANPOINT((-0.1,-5.05,0.));
#172=IFCDIRECTION((0.,0.,1.));
#173=IFCDIRECTION((1.,0.,0.));
#174=IFCAXIS2PLACEMENT3D(#171,#172,#173);
#175=IFCLOCALPLACEMENT($,#174);
#176=IFCPROPERTYSET('1_6qc_AzzERhMzMWTOo2Rw',$,'Pset_Reconstrucao',$,(#178,#179,#180));
#177=IFCRELDEFINESBYPROPERTIES('0J5DP4GoL9redqRmfWh$J5',$,$,$,(#154),#176);
#178=IFCPROPERTYSINGLEVALUE('Fonte',$,IFCLABEL('PDF folhas 01/02'),$);
#179=IFCPROPERTYSINGLEVALUE('Status',$,IFCLABEL('C 0,40 (pilar 20x40)'),$);
#180=IFCPROPERTYSINGLEVALUE('Espessura_m',$,IFCLABEL('0.2'),$);
#181=IFCWALL('0lIQvF1iD2HOlf_MoNu8gQ',$,'PAR-W2',$,$,#202,#192,$,$);
#182=IFCCARTESIANPOINTLIST2D(((0.,0.),(0.2,0.),(0.2,1.),(0.,1.)));
#183=IFCINDEXEDPOLYCURVE(#182,(IFCLINEINDEX((1,2,3,4,1))),$);
#184=IFCARBITRARYCLOSEDPROFILEDEF(.AREA.,$,#183);
#185=IFCCARTESIANPOINT((0.,0.,0.));
#186=IFCDIRECTION((0.,0.,1.));
#187=IFCDIRECTION((1.,0.,0.));
#188=IFCAXIS2PLACEMENT3D(#185,#186,#187);
#189=IFCDIRECTION((0.,0.,1.));
#190=IFCEXTRUDEDAREASOLID(#184,#188,#189,3.2);
#191=IFCSHAPEREPRESENTATION(#11,'Body','SweptSolid',(#190));
#192=IFCPRODUCTDEFINITIONSHAPE($,$,(#191));
#198=IFCCARTESIANPOINT((-0.1,-10.,0.));
#199=IFCDIRECTION((0.,0.,1.));
#200=IFCDIRECTION((1.,0.,0.));
#201=IFCAXIS2PLACEMENT3D(#198,#199,#200);
#202=IFCLOCALPLACEMENT($,#201);
#203=IFCPROPERTYSET('3KeeI7IaXFsAKRcXXmgjul',$,'Pset_Reconstrucao',$,(#205,#206,#207));
#204=IFCRELDEFINESBYPROPERTIES('3As8CFDQn2dum_UzLdVsmv',$,$,$,(#181),#203);
#205=IFCPROPERTYSINGLEVALUE('Fonte',$,IFCLABEL('PDF folhas 01/02'),$);
#206=IFCPROPERTYSINGLEVALUE('Status',$,IFCLABEL('C 0,90'),$);
#207=IFCPROPERTYSINGLEVALUE('Espessura_m',$,IFCLABEL('0.2'),$);
#208=IFCWALL('3KwzXCkYT9_RHmGF0riCHl',$,'SERV-N',$,$,#229,#219,$,$);
#209=IFCCARTESIANPOINTLIST2D(((0.,0.),(3.8,0.),(3.8,0.199999999999999),(0.,0.199999999999999)));
#210=IFCINDEXEDPOLYCURVE(#209,(IFCLINEINDEX((1,2,3,4,1))),$);
#211=IFCARBITRARYCLOSEDPROFILEDEF(.AREA.,$,#210);
#212=IFCCARTESIANPOINT((0.,0.,0.));
#213=IFCDIRECTION((0.,0.,1.));
#214=IFCDIRECTION((1.,0.,0.));
#215=IFCAXIS2PLACEMENT3D(#212,#213,#214);
#216=IFCDIRECTION((0.,0.,1.));
#217=IFCEXTRUDEDAREASOLID(#211,#215,#216,3.2);
#218=IFCSHAPEREPRESENTATION(#11,'Body','SweptSolid',(#217));
#219=IFCPRODUCTDEFINITIONSHAPE($,$,(#218));
#225=IFCCARTESIANPOINT((0.7,-10.,0.));
#226=IFCDIRECTION((0.,0.,1.));
#227=IFCDIRECTION((1.,0.,0.));
#228=IFCAXIS2PLACEMENT3D(#225,#226,#227);
#229=IFCLOCALPLACEMENT($,#228);
#230=IFCPROPERTYSET('0A1YXwV599K8WrCyYoqYoZ',$,'Pset_Reconstrucao',$,(#232,#233,#234));
#231=IFCRELDEFINESBYPROPERTIES('2RiwJ0qzvCKBuxOQyhopHU',$,$,$,(#208),#230);
#232=IFCPROPERTYSINGLEVALUE('Fonte',$,IFCLABEL('PDF folhas 01/02'),$);
#233=IFCPROPERTYSINGLEVALUE('Status',$,IFCLABEL('X'),$);
#234=IFCPROPERTYSINGLEVALUE('Espessura_m',$,IFCLABEL('0.2'),$);
#235=IFCWALL('0uhUFc_5b8_P1pekZOpMrD',$,'SERV-W',$,$,#256,#246,$,$);
#236=IFCCARTESIANPOINTLIST2D(((0.,0.),(0.2,0.),(0.2,0.5),(0.,0.5)));
#237=IFCINDEXEDPOLYCURVE(#236,(IFCLINEINDEX((1,2,3,4,1))),$);
#238=IFCARBITRARYCLOSEDPROFILEDEF(.AREA.,$,#237);
#239=IFCCARTESIANPOINT((0.,0.,0.));
#240=IFCDIRECTION((0.,0.,1.));
#241=IFCDIRECTION((1.,0.,0.));
#242=IFCAXIS2PLACEMENT3D(#239,#240,#241);
#243=IFCDIRECTION((0.,0.,1.));
#244=IFCEXTRUDEDAREASOLID(#238,#242,#243,3.2);
#245=IFCSHAPEREPRESENTATION(#11,'Body','SweptSolid',(#244));
#246=IFCPRODUCTDEFINITIONSHAPE($,$,(#245));
#252=IFCCARTESIANPOINT((0.7,-10.5,0.));
#253=IFCDIRECTION((0.,0.,1.));
#254=IFCDIRECTION((1.,0.,0.));
#255=IFCAXIS2PLACEMENT3D(#252,#253,#254);
#256=IFCLOCALPLACEMENT($,#255);
#257=IFCPROPERTYSET('2biggFKA57Dx7bUPvvfCvn',$,'Pset_Reconstrucao',$,(#259,#260,#261));
#258=IFCRELDEFINESBYPROPERTIES('1N1rjwK2XD$h7F5bVx5OLB',$,$,$,(#235),#257);
#259=IFCPROPERTYSINGLEVALUE('Fonte',$,IFCLABEL('PDF folhas 01/02'),$);
#260=IFCPROPERTYSINGLEVALUE('Status',$,IFCLABEL('X'),$);
#261=IFCPROPERTYSINGLEVALUE('Espessura_m',$,IFCLABEL('0.2'),$);
#262=IFCWALL('0xKqTqwD953wUwv8TioR3u',$,'SERV-E',$,$,#283,#273,$,$);
#263=IFCCARTESIANPOINTLIST2D(((0.,0.),(0.2,0.),(0.2,0.5),(0.,0.5)));
#264=IFCINDEXEDPOLYCURVE(#263,(IFCLINEINDEX((1,2,3,4,1))),$);
#265=IFCARBITRARYCLOSEDPROFILEDEF(.AREA.,$,#264);
#266=IFCCARTESIANPOINT((0.,0.,0.));
#267=IFCDIRECTION((0.,0.,1.));
#268=IFCDIRECTION((1.,0.,0.));
#269=IFCAXIS2PLACEMENT3D(#266,#267,#268);
#270=IFCDIRECTION((0.,0.,1.));
#271=IFCEXTRUDEDAREASOLID(#265,#269,#270,3.2);
#272=IFCSHAPEREPRESENTATION(#11,'Body','SweptSolid',(#271));
#273=IFCPRODUCTDEFINITIONSHAPE($,$,(#272));
#279=IFCCARTESIANPOINT((4.3,-10.5,0.));
#280=IFCDIRECTION((0.,0.,1.));
#281=IFCDIRECTION((1.,0.,0.));
#282=IFCAXIS2PLACEMENT3D(#279,#280,#281);
#283=IFCLOCALPLACEMENT($,#282);
#284=IFCPROPERTYSET('0vfnFWHbL9H8NuXTL8$Zp_',$,'Pset_Reconstrucao',$,(#286,#287,#288));
#285=IFCRELDEFINESBYPROPERTIES('23N0$KQyLA2AbskNqByY2d',$,$,$,(#262),#284);
#286=IFCPROPERTYSINGLEVALUE('Fonte',$,IFCLABEL('PDF folhas 01/02'),$);
#287=IFCPROPERTYSINGLEVALUE('Status',$,IFCLABEL('X'),$);
#288=IFCPROPERTYSINGLEVALUE('Espessura_m',$,IFCLABEL('0.2'),$);
#289=IFCWALL('29tOiIN3P3kRtB3jO2de$r',$,'SERV-DIV',$,$,#310,#300,$,$);
#290=IFCCARTESIANPOINTLIST2D(((0.,0.),(0.2,0.),(0.2,0.5),(0.,0.5)));
#291=IFCINDEXEDPOLYCURVE(#290,(IFCLINEINDEX((1,2,3,4,1))),$);
#292=IFCARBITRARYCLOSEDPROFILEDEF(.AREA.,$,#291);
#293=IFCCARTESIANPOINT((0.,0.,0.));
#294=IFCDIRECTION((0.,0.,1.));
#295=IFCDIRECTION((1.,0.,0.));
#296=IFCAXIS2PLACEMENT3D(#293,#294,#295);
#297=IFCDIRECTION((0.,0.,1.));
#298=IFCEXTRUDEDAREASOLID(#292,#296,#297,3.2);
#299=IFCSHAPEREPRESENTATION(#11,'Body','SweptSolid',(#298));
#300=IFCPRODUCTDEFINITIONSHAPE($,$,(#299));
#306=IFCCARTESIANPOINT((2.9,-10.5,0.));
#307=IFCDIRECTION((0.,0.,1.));
#308=IFCDIRECTION((1.,0.,0.));
#309=IFCAXIS2PLACEMENT3D(#306,#307,#308);
#310=IFCLOCALPLACEMENT($,#309);
#311=IFCPROPERTYSET('1nFUDkxgzCwR3ObbnrRsMt',$,'Pset_Reconstrucao',$,(#313,#314,#315));
#312=IFCRELDEFINESBYPROPERTIES('1viAkPFDDBsg6vzsKHJ6Do',$,$,$,(#289),#311);
#313=IFCPROPERTYSINGLEVALUE('Fonte',$,IFCLABEL('PDF folhas 01/02'),$);
#314=IFCPROPERTYSINGLEVALUE('Status',$,IFCLABEL('C 1,20/0,60/1,20'),$);
#315=IFCPROPERTYSINGLEVALUE('Espessura_m',$,IFCLABEL('0.2'),$);
#316=IFCWALL('2E7nJlXF16cx4RdjwgaBy4',$,'SERV-STUB',$,$,#337,#327,$,$);
#317=IFCCARTESIANPOINTLIST2D(((0.,0.),(0.15,0.),(0.15,0.300000000000001),(0.,0.300000000000001)));
#318=IFCINDEXEDPOLYCURVE(#317,(IFCLINEINDEX((1,2,3,4,1))),$);
#319=IFCARBITRARYCLOSEDPROFILEDEF(.AREA.,$,#318);
#320=IFCCARTESIANPOINT((0.,0.,0.));
#321=IFCDIRECTION((0.,0.,1.));
#322=IFCDIRECTION((1.,0.,0.));
#323=IFCAXIS2PLACEMENT3D(#320,#321,#322);
#324=IFCDIRECTION((0.,0.,1.));
#325=IFCEXTRUDEDAREASOLID(#319,#323,#324,3.2);
#326=IFCSHAPEREPRESENTATION(#11,'Body','SweptSolid',(#325));
#327=IFCPRODUCTDEFINITIONSHAPE($,$,(#326));
#333=IFCCARTESIANPOINT((2.1,-10.3,0.));
#334=IFCDIRECTION((0.,0.,1.));
#335=IFCDIRECTION((1.,0.,0.));
#336=IFCAXIS2PLACEMENT3D(#333,#334,#335);
#337=IFCLOCALPLACEMENT($,#336);
#338=IFCPROPERTYSET('1AUknOPaP7xh79$TRs6LBL',$,'Pset_Reconstrucao',$,(#340,#341,#342));
#339=IFCRELDEFINESBYPROPERTIES('1YtNoDx199_umm6_Nsmu0o',$,$,$,(#316),#338);
#340=IFCPROPERTYSINGLEVALUE('Fonte',$,IFCLABEL('PDF folhas 01/02'),$);
#341=IFCPROPERTYSINGLEVALUE('Status',$,IFCLABEL('G'),$);
#342=IFCPROPERTYSINGLEVALUE('Espessura_m',$,IFCLABEL('0.15'),$);
#343=IFCWALL('1rykuqeYbFJuwGa19DDjij',$,'PAR-D',$,$,#364,#354,$,$);
#344=IFCCARTESIANPOINTLIST2D(((0.,0.),(8.1,0.),(8.1,0.2),(0.,0.2)));
#345=IFCINDEXEDPOLYCURVE(#344,(IFCLINEINDEX((1,2,3,4,1))),$);
#346=IFCARBITRARYCLOSEDPROFILEDEF(.AREA.,$,#345);
#347=IFCCARTESIANPOINT((0.,0.,0.));
#348=IFCDIRECTION((0.,0.,1.));
#349=IFCDIRECTION((1.,0.,0.));
#350=IFCAXIS2PLACEMENT3D(#347,#348,#349);
#351=IFCDIRECTION((0.,0.,1.));
#352=IFCEXTRUDEDAREASOLID(#346,#350,#351,3.2);
#353=IFCSHAPEREPRESENTATION(#11,'Body','SweptSolid',(#352));
#354=IFCPRODUCTDEFINITIONSHAPE($,$,(#353));
#360=IFCCARTESIANPOINT((5.1,-6.05,0.));
#361=IFCDIRECTION((0.,0.,1.));
#362=IFCDIRECTION((1.,0.,0.));
#363=IFCAXIS2PLACEMENT3D(#360,#361,#362);
#364=IFCLOCALPLACEMENT($,#363);
#365=IFCPROPERTYSET('1V9iPQtkj6dvFNZra9wUsc',$,'Pset_Reconstrucao',$,(#367,#368,#369));
#366=IFCRELDEFINESBYPROPERTIES('0z32xUVM1B9wps7EATU5M3',$,$,$,(#343),#365);
#367=IFCPROPERTYSINGLEVALUE('Fonte',$,IFCLABEL('PDF folhas 01/02'),$);
#368=IFCPROPERTYSINGLEVALUE('Status',$,IFCLABEL('C 2,20 / 0,80 / 2,10 / 0,80 / 2,20'),$);
#369=IFCPROPERTYSINGLEVALUE('Espessura_m',$,IFCLABEL('0.2'),$);
#370=IFCWALL('13_Sboi3LCSvQMD4kR5uGk',$,'PAR-EIXO2',$,$,#391,#381,$,$);
#371=IFCCARTESIANPOINTLIST2D(((0.,0.),(0.2,0.),(0.2,5.2),(0.,5.2)));
#372=IFCINDEXEDPOLYCURVE(#371,(IFCLINEINDEX((1,2,3,4,1))),$);
#373=IFCARBITRARYCLOSEDPROFILEDEF(.AREA.,$,#372);
#374=IFCCARTESIANPOINT((0.,0.,0.));
#375=IFCDIRECTION((0.,0.,1.));
#376=IFCDIRECTION((1.,0.,0.));
#377=IFCAXIS2PLACEMENT3D(#374,#375,#376);
#378=IFCDIRECTION((0.,0.,1.));
#379=IFCEXTRUDEDAREASOLID(#373,#377,#378,3.2);
#380=IFCSHAPEREPRESENTATION(#11,'Body','SweptSolid',(#379));
#381=IFCPRODUCTDEFINITIONSHAPE($,$,(#380));
#387=IFCCARTESIANPOINT((5.1,-11.25,0.));
#388=IFCDIRECTION((0.,0.,1.));
#389=IFCDIRECTION((1.,0.,0.));
#390=IFCAXIS2PLACEMENT3D(#387,#388,#389);
#391=IFCLOCALPLACEMENT($,#390);
#392=IFCPROPERTYSET('3Y__nuXlP0m9sqSZHaiiAm',$,'Pset_Reconstrucao',$,(#394,#395,#396));
#393=IFCRELDEFINESBYPROPERTIES('1KoQXjLen7duki3StyLF5C',$,$,$,(#370),#392);
#394=IFCPROPERTYSINGLEVALUE('Fonte',$,IFCLABEL('PDF folhas 01/02'),$);
#395=IFCPROPERTYSINGLEVALUE('Status',$,IFCLABEL('X'),$);
#396=IFCPROPERTYSINGLEVALUE('Espessura_m',$,IFCLABEL('0.2'),$);
#397=IFCWALL('2f2WvNvqLFyPMX2nFr7085',$,'PAR-EIXO3-WC',$,$,#418,#408,$,$);
#398=IFCCARTESIANPOINTLIST2D(((0.,0.),(0.199999999999999,0.),(0.199999999999999,5.4),(0.,5.4)));
#399=IFCINDEXEDPOLYCURVE(#398,(IFCLINEINDEX((1,2,3,4,1))),$);
#400=IFCARBITRARYCLOSEDPROFILEDEF(.AREA.,$,#399);
#401=IFCCARTESIANPOINT((0.,0.,0.));
#402=IFCDIRECTION((0.,0.,1.));
#403=IFCDIRECTION((1.,0.,0.));
#404=IFCAXIS2PLACEMENT3D(#401,#402,#403);
#405=IFCDIRECTION((0.,0.,1.));
#406=IFCEXTRUDEDAREASOLID(#400,#404,#405,3.2);
#407=IFCSHAPEREPRESENTATION(#11,'Body','SweptSolid',(#406));
#408=IFCPRODUCTDEFINITIONSHAPE($,$,(#407));
#414=IFCCARTESIANPOINT((8.3,-11.45,0.));
#415=IFCDIRECTION((0.,0.,1.));
#416=IFCDIRECTION((1.,0.,0.));
#417=IFCAXIS2PLACEMENT3D(#414,#415,#416);
#418=IFCLOCALPLACEMENT($,#417);
#419=IFCPROPERTYSET('0p3aX8srL0pOH_vw5JC6qS',$,'Pset_Reconstrucao',$,(#421,#422,#423));
#420=IFCRELDEFINESBYPROPERTIES('1PUEuNCuP0LAFzdZoYniQk',$,$,$,(#397),#419);
#421=IFCPROPERTYSINGLEVALUE('Fonte',$,IFCLABEL('PDF folhas 01/02'),$);
#422=IFCPROPERTYSINGLEVALUE('Status',$,IFCLABEL('X'),$);
#423=IFCPROPERTYSINGLEVALUE('Espessura_m',$,IFCLABEL('0.2'),$);
#424=IFCWALL('3xtw90twjARwwWQW22R3Yr',$,'PAR-EIXO6-WC',$,$,#445,#435,$,$);
#425=IFCCARTESIANPOINTLIST2D(((0.,0.),(0.199999999999999,0.),(0.199999999999999,5.4),(0.,5.4)));
#426=IFCINDEXEDPOLYCURVE(#425,(IFCLINEINDEX((1,2,3,4,1))),$);
#427=IFCARBITRARYCLOSEDPROFILEDEF(.AREA.,$,#426);
#428=IFCCARTESIANPOINT((0.,0.,0.));
#429=IFCDIRECTION((0.,0.,1.));
#430=IFCDIRECTION((1.,0.,0.));
#431=IFCAXIS2PLACEMENT3D(#428,#429,#430);
#432=IFCDIRECTION((0.,0.,1.));
#433=IFCEXTRUDEDAREASOLID(#427,#431,#432,3.2);
#434=IFCSHAPEREPRESENTATION(#11,'Body','SweptSolid',(#433));
#435=IFCPRODUCTDEFINITIONSHAPE($,$,(#434));
#441=IFCCARTESIANPOINT((9.8,-11.45,0.));
#442=IFCDIRECTION((0.,0.,1.));
#443=IFCDIRECTION((1.,0.,0.));
#444=IFCAXIS2PLACEMENT3D(#441,#442,#443);
#445=IFCLOCALPLACEMENT($,#444);
#446=IFCPROPERTYSET('3h7iJAqlr5sP43MQxG_5oh',$,'Pset_Reconstrucao',$,(#448,#449,#450));
#447=IFCRELDEFINESBYPROPERTIES('1Xv19P78HD88KU0WJfG$uT',$,$,$,(#424),#446);
#448=IFCPROPERTYSINGLEVALUE('Fonte',$,IFCLABEL('PDF folhas 01/02'),$);
#449=IFCPROPERTYSINGLEVALUE('Status',$,IFCLABEL('X'),$);
#450=IFCPROPERTYSINGLEVALUE('Espessura_m',$,IFCLABEL('0.2'),$);
#451=IFCWALL('2C9kzz6en3LQLDeIMpL8Tn',$,'PAR-WC-DIV',$,$,#472,#462,$,$);
#452=IFCCARTESIANPOINTLIST2D(((0.,0.),(1.3,0.),(1.3,0.15),(0.,0.15)));
#453=IFCINDEXEDPOLYCURVE(#452,(IFCLINEINDEX((1,2,3,4,1))),$);
#454=IFCARBITRARYCLOSEDPROFILEDEF(.AREA.,$,#453);
#455=IFCCARTESIANPOINT((0.,0.,0.));
#456=IFCDIRECTION((0.,0.,1.));
#457=IFCDIRECTION((1.,0.,0.));
#458=IFCAXIS2PLACEMENT3D(#455,#456,#457);
#459=IFCDIRECTION((0.,0.,1.));
#460=IFCEXTRUDEDAREASOLID(#454,#458,#459,3.2);
#461=IFCSHAPEREPRESENTATION(#11,'Body','SweptSolid',(#460));
#462=IFCPRODUCTDEFINITIONSHAPE($,$,(#461));
#468=IFCCARTESIANPOINT((8.5,-8.65,0.));
#469=IFCDIRECTION((0.,0.,1.));
#470=IFCDIRECTION((1.,0.,0.));
#471=IFCAXIS2PLACEMENT3D(#468,#469,#470);
#472=IFCLOCALPLACEMENT($,#471);
#473=IFCPROPERTYSET('0ZMOBx$vX0PxavlfRTsGEv',$,'Pset_Reconstrucao',$,(#475,#476,#477));
#474=IFCRELDEFINESBYPROPERTIES('29_pxAuQD60vPp9O1dWquc',$,$,$,(#451),#473);
#475=IFCPROPERTYSINGLEVALUE('Fonte',$,IFCLABEL('PDF folhas 01/02'),$);
#476=IFCPROPERTYSINGLEVALUE('Status',$,IFCLABEL('G (2,45 livres no WC superior: C)'),$);
#477=IFCPROPERTYSINGLEVALUE('Espessura_m',$,IFCLABEL('0.15'),$);
#478=IFCWALL('0G4XBn9DfB3ArhNEk4JR4m',$,'PAR-WC-S',$,$,#499,#489,$,$);
#479=IFCCARTESIANPOINTLIST2D(((0.,0.),(1.3,0.),(1.3,0.199999999999999),(0.,0.199999999999999)));
#480=IFCINDEXEDPOLYCURVE(#479,(IFCLINEINDEX((1,2,3,4,1))),$);
#481=IFCARBITRARYCLOSEDPROFILEDEF(.AREA.,$,#480);
#482=IFCCARTESIANPOINT((0.,0.,0.));
#483=IFCDIRECTION((0.,0.,1.));
#484=IFCDIRECTION((1.,0.,0.));
#485=IFCAXIS2PLACEMENT3D(#482,#483,#484);
#486=IFCDIRECTION((0.,0.,1.));
#487=IFCEXTRUDEDAREASOLID(#481,#485,#486,3.2);
#488=IFCSHAPEREPRESENTATION(#11,'Body','SweptSolid',(#487));
#489=IFCPRODUCTDEFINITIONSHAPE($,$,(#488));
#495=IFCCARTESIANPOINT((8.5,-11.45,0.));
#496=IFCDIRECTION((0.,0.,1.));
#497=IFCDIRECTION((1.,0.,0.));
#498=IFCAXIS2PLACEMENT3D(#495,#496,#497);
#499=IFCLOCALPLACEMENT($,#498);
#500=IFCPROPERTYSET('24eQsu6I10FQA2JYjNHNxv',$,'Pset_Reconstrucao',$,(#502,#503,#504));
#501=IFCRELDEFINESBYPROPERTIES('3kfxFsWIH9Fe8rbZuMhPuO',$,$,$,(#478),#500);
#502=IFCPROPERTYSINGLEVALUE('Fonte',$,IFCLABEL('PDF folhas 01/02'),$);
#503=IFCPROPERTYSINGLEVALUE('Status',$,IFCLABEL('C sali\X2\00EA\X0\ncia 0,20'),$);
#504=IFCPROPERTYSINGLEVALUE('Espessura_m',$,IFCLABEL('0.2'),$);
#505=IFCWALL('16VA$Ebzv3Ju60HX01fff9',$,'PAR-EIXO7',$,$,#526,#516,$,$);
#506=IFCCARTESIANPOINTLIST2D(((0.,0.),(0.199999999999999,0.),(0.199999999999999,5.2),(0.,5.2)));
#507=IFCINDEXEDPOLYCURVE(#506,(IFCLINEINDEX((1,2,3,4,1))),$);
#508=IFCARBITRARYCLOSEDPROFILEDEF(.AREA.,$,#507);
#509=IFCCARTESIANPOINT((0.,0.,0.));
#510=IFCDIRECTION((0.,0.,1.));
#511=IFCDIRECTION((1.,0.,0.));
#512=IFCAXIS2PLACEMENT3D(#509,#510,#511);
#513=IFCDIRECTION((0.,0.,1.));
#514=IFCEXTRUDEDAREASOLID(#508,#512,#513,3.2);
#515=IFCSHAPEREPRESENTATION(#11,'Body','SweptSolid',(#514));
#516=IFCPRODUCTDEFINITIONSHAPE($,$,(#515));
#522=IFCCARTESIANPOINT((13.,-11.25,0.));
#523=IFCDIRECTION((0.,0.,1.));
#524=IFCDIRECTION((1.,0.,0.));
#525=IFCAXIS2PLACEMENT3D(#522,#523,#524);
#526=IFCLOCALPLACEMENT($,#525);
#527=IFCPROPERTYSET('0L9q18WRr68Ozru8a7Oaev',$,'Pset_Reconstrucao',$,(#529,#530,#531));
#528=IFCRELDEFINESBYPROPERTIES('1WGdEhosn348wb6P5sUi2D',$,$,$,(#505),#527);
#529=IFCPROPERTYSINGLEVALUE('Fonte',$,IFCLABEL('PDF folhas 01/02'),$);
#530=IFCPROPERTYSINGLEVALUE('Status',$,IFCLABEL('X'),$);
#531=IFCPROPERTYSINGLEVALUE('Espessura_m',$,IFCLABEL('0.2'),$);
#532=IFCWALL('0m4nB2v$HClhZANg_EjeOC',$,'PAR-B',$,$,#553,#543,$,$);
#533=IFCCARTESIANPOINTLIST2D(((0.,0.),(7.4,0.),(7.4,0.199999999999999),(0.,0.199999999999999)));
#534=IFCINDEXEDPOLYCURVE(#533,(IFCLINEINDEX((1,2,3,4,1))),$);
#535=IFCARBITRARYCLOSEDPROFILEDEF(.AREA.,$,#534);
#536=IFCCARTESIANPOINT((0.,0.,0.));
#537=IFCDIRECTION((0.,0.,1.));
#538=IFCDIRECTION((1.,0.,0.));
#539=IFCAXIS2PLACEMENT3D(#536,#537,#538);
#540=IFCDIRECTION((0.,0.,1.));
#541=IFCEXTRUDEDAREASOLID(#535,#539,#540,3.2);
#542=IFCSHAPEREPRESENTATION(#11,'Body','SweptSolid',(#541));
#543=IFCPRODUCTDEFINITIONSHAPE($,$,(#542));
#549=IFCCARTESIANPOINT((5.8,-4.85,0.));
#550=IFCDIRECTION((0.,0.,1.));
#551=IFCDIRECTION((1.,0.,0.));
#552=IFCAXIS2PLACEMENT3D(#549,#550,#551);
#553=IFCLOCALPLACEMENT($,#552);
#554=IFCPROPERTYSET('0y3ulALSD5kQk9qlv70ZBq',$,'Pset_Reconstrucao',$,(#556,#557,#558));
#555=IFCRELDEFINESBYPROPERTIES('1T8EDFO9LFLv4fErJZWCvx',$,$,$,(#532),#554);
#556=IFCPROPERTYSINGLEVALUE('Fonte',$,IFCLABEL('PDF folhas 01/02'),$);
#557=IFCPROPERTYSINGLEVALUE('Status',$,IFCLABEL('X (v\X2\00E3\X0\o PT-06 com verga)'),$);
#558=IFCPROPERTYSINGLEVALUE('Espessura_m',$,IFCLABEL('0.2'),$);
#559=IFCWALL('2yxbLwO6b2gwhW7R$DnBnd',$,'PAR-H',$,$,#580,#570,$,$);
#560=IFCCARTESIANPOINTLIST2D(((0.,0.),(0.149999999999999,0.),(0.149999999999999,3.35),(0.,3.35)));
#561=IFCINDEXEDPOLYCURVE(#560,(IFCLINEINDEX((1,2,3,4,1))),$);
#562=IFCARBITRARYCLOSEDPROFILEDEF(.AREA.,$,#561);
#563=IFCCARTESIANPOINT((0.,0.,0.));
#564=IFCDIRECTION((0.,0.,1.));
#565=IFCDIRECTION((1.,0.,0.));
#566=IFCAXIS2PLACEMENT3D(#563,#564,#565);
#567=IFCDIRECTION((0.,0.,1.));
#568=IFCEXTRUDEDAREASOLID(#562,#566,#567,3.2);
#569=IFCSHAPEREPRESENTATION(#11,'Body','SweptSolid',(#568));
#570=IFCPRODUCTDEFINITIONSHAPE($,$,(#569));
#576=IFCCARTESIANPOINT((6.4,-4.65,0.));
#577=IFCDIRECTION((0.,0.,1.));
#578=IFCDIRECTION((1.,0.,0.));
#579=IFCAXIS2PLACEMENT3D(#576,#577,#578);
#580=IFCLOCALPLACEMENT($,#579);
#581=IFCPROPERTYSET('0VxkMxPh92PhDisvei$4dO',$,'Pset_Reconstrucao',$,(#583,#584,#585));
#582=IFCRELDEFINESBYPROPERTIES('0CTfHPLRPBbQixZt6K8H_a',$,$,$,(#559),#581);
#583=IFCPROPERTYSINGLEVALUE('Fonte',$,IFCLABEL('PDF folhas 01/02'),$);
#584=IFCPROPERTYSINGLEVALUE('Status',$,IFCLABEL('G (nicho 3,35: C)'),$);
#585=IFCPROPERTYSINGLEVALUE('Espessura_m',$,IFCLABEL('0.15'),$);
#586=IFCWALL('0eEhddyK54j9I7lEi0suuW',$,'PAR-CAP',$,$,#607,#597,$,$);
#587=IFCCARTESIANPOINTLIST2D(((0.,0.),(2.5,0.),(2.5,0.15),(0.,0.15)));
#588=IFCINDEXEDPOLYCURVE(#587,(IFCLINEINDEX((1,2,3,4,1))),$);
#589=IFCARBITRARYCLOSEDPROFILEDEF(.AREA.,$,#588);
#590=IFCCARTESIANPOINT((0.,0.,0.));
#591=IFCDIRECTION((0.,0.,1.));
#592=IFCDIRECTION((1.,0.,0.));
#593=IFCAXIS2PLACEMENT3D(#590,#591,#592);
#594=IFCDIRECTION((0.,0.,1.));
#595=IFCEXTRUDEDAREASOLID(#589,#593,#594,3.2);
#596=IFCSHAPEREPRESENTATION(#11,'Body','SweptSolid',(#595));
#597=IFCPRODUCTDEFINITIONSHAPE($,$,(#596));
#603=IFCCARTESIANPOINT((5.8,-1.3,0.));
#604=IFCDIRECTION((0.,0.,1.));
#605=IFCDIRECTION((1.,0.,0.));
#606=IFCAXIS2PLACEMENT3D(#603,#604,#605);
#607=IFCLOCALPLACEMENT($,#606);
#608=IFCPROPERTYSET('2LKEyx6prCy91S5Bs8iOFR',$,'Pset_Reconstrucao',$,(#610,#611,#612));
#609=IFCRELDEFINESBYPROPERTIES('0qBlKbUDj1JBSe_yhpvLZb',$,$,$,(#586),#608);
#610=IFCPROPERTYSINGLEVALUE('Fonte',$,IFCLABEL('PDF folhas 01/02'),$);
#611=IFCPROPERTYSINGLEVALUE('Status',$,IFCLABEL('G (v\X2\00E3\X0\o PT-07 com verga)'),$);
#612=IFCPROPERTYSINGLEVALUE('Espessura_m',$,IFCLABEL('0.15'),$);
#613=IFCWALL('3xvdbLpw90Uh9dQFwHIiHw',$,'PAR-DESP-WC',$,$,#634,#624,$,$);
#614=IFCCARTESIANPOINTLIST2D(((0.,0.),(1.75,0.),(1.75,0.15),(0.,0.15)));
#615=IFCINDEXEDPOLYCURVE(#614,(IFCLINEINDEX((1,2,3,4,1))),$);
#616=IFCARBITRARYCLOSEDPROFILEDEF(.AREA.,$,#615);
#617=IFCCARTESIANPOINT((0.,0.,0.));
#618=IFCDIRECTION((0.,0.,1.));
#619=IFCDIRECTION((1.,0.,0.));
#620=IFCAXIS2PLACEMENT3D(#617,#618,#619);
#621=IFCDIRECTION((0.,0.,1.));
#622=IFCEXTRUDEDAREASOLID(#616,#620,#621,3.2);
#623=IFCSHAPEREPRESENTATION(#11,'Body','SweptSolid',(#622));
#624=IFCPRODUCTDEFINITIONSHAPE($,$,(#623));
#630=IFCCARTESIANPOINT((6.55,-2.95,0.));
#631=IFCDIRECTION((0.,0.,1.));
#632=IFCDIRECTION((1.,0.,0.));
#633=IFCAXIS2PLACEMENT3D(#630,#631,#632);
#634=IFCLOCALPLACEMENT($,#633);
#635=IFCPROPERTYSET('3uZ4JLgVnAOPeSKnPPmHGM',$,'Pset_Reconstrucao',$,(#637,#638,#639));
#636=IFCRELDEFINESBYPROPERTIES('34zsyYrmT2ke4MLYd$k6Sr',$,$,$,(#613),#635);
#637=IFCPROPERTYSINGLEVALUE('Fonte',$,IFCLABEL('PDF folhas 01/02'),$);
#638=IFCPROPERTYSINGLEVALUE('Status',$,IFCLABEL('G'),$);
#639=IFCPROPERTYSINGLEVALUE('Espessura_m',$,IFCLABEL('0.15'),$);
#640=IFCWALL('3$mWqwcwnECQzewOTQlMR8',$,'PAR-EIXO3-GAR',$,$,#661,#651,$,$);
#641=IFCCARTESIANPOINTLIST2D(((0.,0.),(0.199999999999999,0.),(0.199999999999999,3.5),(0.,3.5)));
#642=IFCINDEXEDPOLYCURVE(#641,(IFCLINEINDEX((1,2,3,4,1))),$);
#643=IFCARBITRARYCLOSEDPROFILEDEF(.AREA.,$,#642);
#644=IFCCARTESIANPOINT((0.,0.,0.));
#645=IFCDIRECTION((0.,0.,1.));
#646=IFCDIRECTION((1.,0.,0.));
#647=IFCAXIS2PLACEMENT3D(#644,#645,#646);
#648=IFCDIRECTION((0.,0.,1.));
#649=IFCEXTRUDEDAREASOLID(#643,#647,#648,3.2);
#650=IFCSHAPEREPRESENTATION(#11,'Body','SweptSolid',(#649));
#651=IFCPRODUCTDEFINITIONSHAPE($,$,(#650));
#657=IFCCARTESIANPOINT((8.3,-4.65,0.));
#658=IFCDIRECTION((0.,0.,1.));
#659=IFCDIRECTION((1.,0.,0.));
#660=IFCAXIS2PLACEMENT3D(#657,#658,#659);
#661=IFCLOCALPLACEMENT($,#660);
#662=IFCPROPERTYSET('0SdRXOkvPC88DynHpOqufU',$,'Pset_Reconstrucao',$,(#664,#665,#666));
#663=IFCRELDEFINESBYPROPERTIES('1jRN$4DwP6gA3vedJd2Q6d',$,$,$,(#640),#662);
#664=IFCPROPERTYSINGLEVALUE('Fonte',$,IFCLABEL('PDF folhas 01/02'),$);
#665=IFCPROPERTYSINGLEVALUE('Status',$,IFCLABEL('X'),$);
#666=IFCPROPERTYSINGLEVALUE('Espessura_m',$,IFCLABEL('0.2'),$);
#667=IFCWALL('39FpJN23L9Ch9AKyVIwGYC',$,'PAR-ENTRADA',$,$,#688,#678,$,$);
#668=IFCCARTESIANPOINTLIST2D(((0.,0.),(0.199999999999999,0.),(0.199999999999999,1.),(0.,1.)));
#669=IFCINDEXEDPOLYCURVE(#668,(IFCLINEINDEX((1,2,3,4,1))),$);
#670=IFCARBITRARYCLOSEDPROFILEDEF(.AREA.,$,#669);
#671=IFCCARTESIANPOINT((0.,0.,0.));
#672=IFCDIRECTION((0.,0.,1.));
#673=IFCDIRECTION((1.,0.,0.));
#674=IFCAXIS2PLACEMENT3D(#671,#672,#673);
#675=IFCDIRECTION((0.,0.,1.));
#676=IFCEXTRUDEDAREASOLID(#670,#674,#675,3.2);
#677=IFCSHAPEREPRESENTATION(#11,'Body','SweptSolid',(#676));
#678=IFCPRODUCTDEFINITIONSHAPE($,$,(#677));
#684=IFCCARTESIANPOINT((13.,-5.85,0.));
#685=IFCDIRECTION((0.,0.,1.));
#686=IFCDIRECTION((1.,0.,0.));
#687=IFCAXIS2PLACEMENT3D(#684,#685,#686);
#688=IFCLOCALPLACEMENT($,#687);
#689=IFCPROPERTYSET('3NkoFOzSf1yRJX0nlN7utk',$,'Pset_Reconstrucao',$,(#691,#692,#693));
#690=IFCRELDEFINESBYPROPERTIES('1CahRh2uTFrBVy1v7BckY1',$,$,$,(#667),#689);
#691=IFCPROPERTYSINGLEVALUE('Fonte',$,IFCLABEL('PDF folhas 01/02'),$);
#692=IFCPROPERTYSINGLEVALUE('Status',$,IFCLABEL('C v\X2\00E3\X0\o 1,00 (s\X2\00F3\X0\ verga acima da porta)'),$);
#693=IFCPROPERTYSINGLEVALUE('Espessura_m',$,IFCLABEL('0.2'),$);
#694=IFCWALL('0UedTwD5D9YQI73vjnbLGb',$,'SERV-S',$,$,#715,#705,$,$);
#695=IFCCARTESIANPOINTLIST2D(((0.,0.),(3.8,0.),(3.8,0.119999999999999),(0.,0.119999999999999)));
#696=IFCINDEXEDPOLYCURVE(#695,(IFCLINEINDEX((1,2,3,4,1))),$);
#697=IFCARBITRARYCLOSEDPROFILEDEF(.AREA.,$,#696);
#698=IFCCARTESIANPOINT((0.,0.,0.));
#699=IFCDIRECTION((0.,0.,1.));
#700=IFCDIRECTION((1.,0.,0.));
#701=IFCAXIS2PLACEMENT3D(#698,#699,#700);
#702=IFCDIRECTION((0.,0.,1.));
#703=IFCEXTRUDEDAREASOLID(#697,#701,#702,3.2);
#704=IFCSHAPEREPRESENTATION(#11,'Body','SweptSolid',(#703));
#705=IFCPRODUCTDEFINITIONSHAPE($,$,(#704));
#711=IFCCARTESIANPOINT((0.7,-10.62,0.));
#712=IFCDIRECTION((0.,0.,1.));
#713=IFCDIRECTION((1.,0.,0.));
#714=IFCAXIS2PLACEMENT3D(#711,#712,#713);
#715=IFCLOCALPLACEMENT($,#714);
#716=IFCPROPERTYSET('3YMnwDJ3P3nPyK2$2GM8nQ',$,'Pset_Reconstrucao',$,(#718,#719,#720));
#717=IFCRELDEFINESBYPROPERTIES('1tYFseQrLBdgKZkKlFkE4j',$,$,$,(#694),#716);
#718=IFCPROPERTYSINGLEVALUE('Fonte',$,IFCLABEL('PDF folhas 01/02'),$);
#719=IFCPROPERTYSINGLEVALUE('Status',$,IFCLABEL('G linha das portas do nicho de servi\X2\00E7\X0\o'),$);
#720=IFCPROPERTYSINGLEVALUE('Espessura_m',$,IFCLABEL('0.12'),$);
#721=IFCDOOR('3dK57kd4z1gARlc30fCWqY',$,'PT-01 Entrada (corredor, fachada leste)',$,$,#742,#732,$,2.9,1.,$,$,$);
#722=IFCCARTESIANPOINTLIST2D(((0.,0.),(0.199999999999999,0.),(0.199999999999999,1.),(0.,1.)));
#723=IFCINDEXEDPOLYCURVE(#722,(IFCLINEINDEX((1,2,3,4,1))),$);
#724=IFCARBITRARYCLOSEDPROFILEDEF(.AREA.,$,#723);
#725=IFCCARTESIANPOINT((0.,0.,0.));
#726=IFCDIRECTION((0.,0.,1.));
#727=IFCDIRECTION((1.,0.,0.));
#728=IFCAXIS2PLACEMENT3D(#725,#726,#727);
#729=IFCDIRECTION((0.,0.,1.));
#730=IFCEXTRUDEDAREASOLID(#724,#728,#729,2.9);
#731=IFCSHAPEREPRESENTATION(#11,'Body','SweptSolid',(#730));
#732=IFCPRODUCTDEFINITIONSHAPE($,$,(#731));
#738=IFCCARTESIANPOINT((13.,-5.85,0.));
#739=IFCDIRECTION((0.,0.,1.));
#740=IFCDIRECTION((1.,0.,0.));
#741=IFCAXIS2PLACEMENT3D(#738,#739,#740);
#742=IFCLOCALPLACEMENT($,#741);
#743=IFCPROPERTYSET('2I1KFMu6v11eC1LQ95zAO7',$,'Pset_Reconstrucao',$,(#745,#746,#747,#748));
#744=IFCRELDEFINESBYPROPERTIES('14u7tKdk10OgDV0r81eD6y',$,$,$,(#721),#743);
#745=IFCPROPERTYSINGLEVALUE('Fonte',$,IFCLABEL('PDF folha 02 + cortes'),$);
#746=IFCPROPERTYSINGLEVALUE('Status',$,IFCLABEL('C largura 1,00; altura G pela fachada frontal'),$);
#747=IFCPROPERTYSINGLEVALUE('Largura_m',$,IFCLABEL('1.0'),$);
#748=IFCPROPERTYSINGLEVALUE('Altura_m',$,IFCLABEL('2.9'),$);
#749=IFCOPENINGELEMENT('3KILqQbHb2TR5pc$ElKeCC',$,'V\X2\00E3\X0\o PT-01',$,$,#775,#760,$,$);
#750=IFCCARTESIANPOINTLIST2D(((0.,0.),(0.199999999999999,0.),(0.199999999999999,1.),(0.,1.)));
#751=IFCINDEXEDPOLYCURVE(#750,(IFCLINEINDEX((1,2,3,4,1))),$);
#752=IFCARBITRARYCLOSEDPROFILEDEF(.AREA.,$,#751);
#753=IFCCARTESIANPOINT((0.,0.,0.));
#754=IFCDIRECTION((0.,0.,1.));
#755=IFCDIRECTION((1.,0.,0.));
#756=IFCAXIS2PLACEMENT3D(#753,#754,#755);
#757=IFCDIRECTION((0.,0.,1.));
#758=IFCEXTRUDEDAREASOLID(#752,#756,#757,2.9);
#759=IFCSHAPEREPRESENTATION(#11,'Body','SweptSolid',(#758));
#760=IFCPRODUCTDEFINITIONSHAPE($,$,(#759));
#766=IFCPROPERTYSET('2drLCVgZn8lBal3247EZ$7',$,'Pset_Reconstrucao',$,(#768,#769));
#767=IFCRELDEFINESBYPROPERTIES('1DtjJSlKf17RtV4pkkORvi',$,$,$,(#749),#766);
#768=IFCPROPERTYSINGLEVALUE('Fonte',$,IFCLABEL('v\X2\00E3\X0\o da porta'),$);
#769=IFCPROPERTYSINGLEVALUE('Status',$,IFCLABEL('C largura 1,00; altura G pela fachada frontal'),$);
#770=IFCRELVOIDSELEMENT('3Po6mjRDnE3P0zAFSgDUbY',$,$,$,#667,#749);
#771=IFCCARTESIANPOINT((0.,0.,0.));
#772=IFCDIRECTION((0.,0.,1.));
#773=IFCDIRECTION((1.,0.,0.));
#774=IFCAXIS2PLACEMENT3D(#771,#772,#773);
#775=IFCLOCALPLACEMENT(#688,#774);
#776=IFCRELFILLSELEMENT('19Jnjh4dn9afMKtOhveRTx',$,$,$,#749,#721);
#777=IFCDOOR('2H_cMDIFbCAfkN9zEvpdNl',$,'PT-02 Suite 2',$,$,#798,#788,$,2.1,0.8,$,$,$);
#778=IFCCARTESIANPOINTLIST2D(((0.,0.),(0.8,0.),(0.8,0.200000000000001),(0.,0.200000000000001)));
#779=IFCINDEXEDPOLYCURVE(#778,(IFCLINEINDEX((1,2,3,4,1))),$);
#780=IFCARBITRARYCLOSEDPROFILEDEF(.AREA.,$,#779);
#781=IFCCARTESIANPOINT((0.,0.,0.));
#782=IFCDIRECTION((0.,0.,1.));
#783=IFCDIRECTION((1.,0.,0.));
#784=IFCAXIS2PLACEMENT3D(#781,#782,#783);
#785=IFCDIRECTION((0.,0.,1.));
#786=IFCEXTRUDEDAREASOLID(#780,#784,#785,2.1);
#787=IFCSHAPEREPRESENTATION(#11,'Body','SweptSolid',(#786));
#788=IFCPRODUCTDEFINITIONSHAPE($,$,(#787));
#794=IFCCARTESIANPOINT((7.3,-6.05,0.));
#795=IFCDIRECTION((0.,0.,1.));
#796=IFCDIRECTION((1.,0.,0.));
#797=IFCAXIS2PLACEMENT3D(#794,#795,#796);
#798=IFCLOCALPLACEMENT($,#797);
#799=IFCPROPERTYSET('3HaAeFMub6mgPiA1uV_aeK',$,'Pset_Reconstrucao',$,(#801,#802,#803,#804));
#800=IFCRELDEFINESBYPROPERTIES('1zhqPQHHn5wfdmQW8RctR4',$,$,$,(#777),#799);
#801=IFCPROPERTYSINGLEVALUE('Fonte',$,IFCLABEL('PDF folha 02 + cortes'),$);
#802=IFCPROPERTYSINGLEVALUE('Status',$,IFCLABEL('C'),$);
#803=IFCPROPERTYSINGLEVALUE('Largura_m',$,IFCLABEL('0.8'),$);
#804=IFCPROPERTYSINGLEVALUE('Altura_m',$,IFCLABEL('2.1'),$);
#805=IFCOPENINGELEMENT('3Gu6z_Dev0Ahm_UOwuVU2S',$,'V\X2\00E3\X0\o PT-02',$,$,#831,#816,$,$);
#806=IFCCARTESIANPOINTLIST2D(((0.,0.),(0.8,0.),(0.8,0.220000000000001),(0.,0.220000000000001)));
#807=IFCINDEXEDPOLYCURVE(#806,(IFCLINEINDEX((1,2,3,4,1))),$);
#808=IFCARBITRARYCLOSEDPROFILEDEF(.AREA.,$,#807);
#809=IFCCARTESIANPOINT((0.,0.,0.));
#810=IFCDIRECTION((0.,0.,1.));
#811=IFCDIRECTION((1.,0.,0.));
#812=IFCAXIS2PLACEMENT3D(#809,#810,#811);
#813=IFCDIRECTION((0.,0.,1.));
#814=IFCEXTRUDEDAREASOLID(#808,#812,#813,2.1);
#815=IFCSHAPEREPRESENTATION(#11,'Body','SweptSolid',(#814));
#816=IFCPRODUCTDEFINITIONSHAPE($,$,(#815));
#822=IFCPROPERTYSET('1Oizo03XDCFQP3rPU0sO1$',$,'Pset_Reconstrucao',$,(#824,#825));
#823=IFCRELDEFINESBYPROPERTIES('3oknDi2un7ABIGfk79QVt_',$,$,$,(#805),#822);
#824=IFCPROPERTYSINGLEVALUE('Fonte',$,IFCLABEL('v\X2\00E3\X0\o da porta'),$);
#825=IFCPROPERTYSINGLEVALUE('Status',$,IFCLABEL('C'),$);
#826=IFCRELVOIDSELEMENT('0qA8PZa69DmeHAn0xl0y0V',$,$,$,#343,#805);
#827=IFCCARTESIANPOINT((2.2,-0.0100000000000007,0.));
#828=IFCDIRECTION((0.,0.,1.));
#829=IFCDIRECTION((1.,0.,0.));
#830=IFCAXIS2PLACEMENT3D(#827,#828,#829);
#831=IFCLOCALPLACEMENT(#364,#830);
#832=IFCRELFILLSELEMENT('2fC1LulN1AaxyDQ9yb$k0s',$,$,$,#805,#777);
#833=IFCDOOR('1yzkEztYPDQuJIo0tALNXf',$,'PT-03 Suite 1',$,$,#854,#844,$,2.1,0.8,$,$,$);
#834=IFCCARTESIANPOINTLIST2D(((0.,0.),(0.800000000000001,0.),(0.800000000000001,0.200000000000001),(0.,0.200000000000001)));
#835=IFCINDEXEDPOLYCURVE(#834,(IFCLINEINDEX((1,2,3,4,1))),$);
#836=IFCARBITRARYCLOSEDPROFILEDEF(.AREA.,$,#835);
#837=IFCCARTESIANPOINT((0.,0.,0.));
#838=IFCDIRECTION((0.,0.,1.));
#839=IFCDIRECTION((1.,0.,0.));
#840=IFCAXIS2PLACEMENT3D(#837,#838,#839);
#841=IFCDIRECTION((0.,0.,1.));
#842=IFCEXTRUDEDAREASOLID(#836,#840,#841,2.1);
#843=IFCSHAPEREPRESENTATION(#11,'Body','SweptSolid',(#842));
#844=IFCPRODUCTDEFINITIONSHAPE($,$,(#843));
#850=IFCCARTESIANPOINT((10.2,-6.05,0.));
#851=IFCDIRECTION((0.,0.,1.));
#852=IFCDIRECTION((1.,0.,0.));
#853=IFCAXIS2PLACEMENT3D(#850,#851,#852);
#854=IFCLOCALPLACEMENT($,#853);
#855=IFCPROPERTYSET('3n57tkoGv7pfjdR_l4XX_p',$,'Pset_Reconstrucao',$,(#857,#858,#859,#860));
#856=IFCRELDEFINESBYPROPERTIES('2OUtF_Tcf4H8Eyz6lGybIv',$,$,$,(#833),#855);
#857=IFCPROPERTYSINGLEVALUE('Fonte',$,IFCLABEL('PDF folha 02 + cortes'),$);
#858=IFCPROPERTYSINGLEVALUE('Status',$,IFCLABEL('C'),$);
#859=IFCPROPERTYSINGLEVALUE('Largura_m',$,IFCLABEL('0.8'),$);
#860=IFCPROPERTYSINGLEVALUE('Altura_m',$,IFCLABEL('2.1'),$);
#861=IFCOPENINGELEMENT('0iqD7321v35QnO7h_JCAse',$,'V\X2\00E3\X0\o PT-03',$,$,#887,#872,$,$);
#862=IFCCARTESIANPOINTLIST2D(((0.,0.),(0.800000000000001,0.),(0.800000000000001,0.220000000000001),(0.,0.220000000000001)));
#863=IFCINDEXEDPOLYCURVE(#862,(IFCLINEINDEX((1,2,3,4,1))),$);
#864=IFCARBITRARYCLOSEDPROFILEDEF(.AREA.,$,#863);
#865=IFCCARTESIANPOINT((0.,0.,0.));
#866=IFCDIRECTION((0.,0.,1.));
#867=IFCDIRECTION((1.,0.,0.));
#868=IFCAXIS2PLACEMENT3D(#865,#866,#867);
#869=IFCDIRECTION((0.,0.,1.));
#870=IFCEXTRUDEDAREASOLID(#864,#868,#869,2.1);
#871=IFCSHAPEREPRESENTATION(#11,'Body','SweptSolid',(#870));
#872=IFCPRODUCTDEFINITIONSHAPE($,$,(#871));
#878=IFCPROPERTYSET('0EqjWilwf96hgwTF$fyc$C',$,'Pset_Reconstrucao',$,(#880,#881));
#879=IFCRELDEFINESBYPROPERTIES('1f9FKu95945h8YJFYeySyM',$,$,$,(#861),#878);
#880=IFCPROPERTYSINGLEVALUE('Fonte',$,IFCLABEL('v\X2\00E3\X0\o da porta'),$);
#881=IFCPROPERTYSINGLEVALUE('Status',$,IFCLABEL('C'),$);
#882=IFCRELVOIDSELEMENT('2bCUcEi$9A1RACsSxm4w06',$,$,$,#343,#861);
#883=IFCCARTESIANPOINT((5.1,-0.0100000000000007,0.));
#884=IFCDIRECTION((0.,0.,1.));
#885=IFCDIRECTION((1.,0.,0.));
#886=IFCAXIS2PLACEMENT3D(#883,#884,#885);
#887=IFCLOCALPLACEMENT(#364,#886);
#888=IFCRELFILLSELEMENT('1tO7OWRyjFMfi_4wpK8MoS',$,$,$,#861,#833);
#889=IFCDOOR('2MtrJiyZz24RbcoExX0yyi',$,'PT-04 WC Suite 2',$,$,#910,#900,$,2.1,0.7,$,$,$);
#890=IFCCARTESIANPOINTLIST2D(((0.,0.),(0.199999999999999,0.),(0.199999999999999,0.699999999999999),(0.,0.699999999999999)));
#891=IFCINDEXEDPOLYCURVE(#890,(IFCLINEINDEX((1,2,3,4,1))),$);
#892=IFCARBITRARYCLOSEDPROFILEDEF(.AREA.,$,#891);
#893=IFCCARTESIANPOINT((0.,0.,0.));
#894=IFCDIRECTION((0.,0.,1.));
#895=IFCDIRECTION((1.,0.,0.));
#896=IFCAXIS2PLACEMENT3D(#893,#894,#895);
#897=IFCDIRECTION((0.,0.,1.));
#898=IFCEXTRUDEDAREASOLID(#892,#896,#897,2.1);
#899=IFCSHAPEREPRESENTATION(#11,'Body','SweptSolid',(#898));
#900=IFCPRODUCTDEFINITIONSHAPE($,$,(#899));
#906=IFCCARTESIANPOINT((8.3,-8.45,0.));
#907=IFCDIRECTION((0.,0.,1.));
#908=IFCDIRECTION((1.,0.,0.));
#909=IFCAXIS2PLACEMENT3D(#906,#907,#908);
#910=IFCLOCALPLACEMENT($,#909);
#911=IFCPROPERTYSET('1XHvWoZZDFb9vWSr0ltM13',$,'Pset_Reconstrucao',$,(#913,#914,#915,#916));
#912=IFCRELDEFINESBYPROPERTIES('0kHayMamDAyBPd8pXYlvKo',$,$,$,(#889),#911);
#913=IFCPROPERTYSINGLEVALUE('Fonte',$,IFCLABEL('PDF folha 02 + cortes'),$);
#914=IFCPROPERTYSINGLEVALUE('Status',$,IFCLABEL('G largura; C altura'),$);
#915=IFCPROPERTYSINGLEVALUE('Largura_m',$,IFCLABEL('0.7'),$);
#916=IFCPROPERTYSINGLEVALUE('Altura_m',$,IFCLABEL('2.1'),$);
#917=IFCOPENINGELEMENT('1AmtGTnzX6eB5d0wUjQjCh',$,'V\X2\00E3\X0\o PT-04',$,$,#943,#928,$,$);
#918=IFCCARTESIANPOINTLIST2D(((0.,0.),(0.199999999999999,0.),(0.199999999999999,0.699999999999999),(0.,0.699999999999999)));
#919=IFCINDEXEDPOLYCURVE(#918,(IFCLINEINDEX((1,2,3,4,1))),$);
#920=IFCARBITRARYCLOSEDPROFILEDEF(.AREA.,$,#919);
#921=IFCCARTESIANPOINT((0.,0.,0.));
#922=IFCDIRECTION((0.,0.,1.));
#923=IFCDIRECTION((1.,0.,0.));
#924=IFCAXIS2PLACEMENT3D(#921,#922,#923);
#925=IFCDIRECTION((0.,0.,1.));
#926=IFCEXTRUDEDAREASOLID(#920,#924,#925,2.1);
#927=IFCSHAPEREPRESENTATION(#11,'Body','SweptSolid',(#926));
#928=IFCPRODUCTDEFINITIONSHAPE($,$,(#927));
#934=IFCPROPERTYSET('30Csv$Gfj2FxRsIHir8Udx',$,'Pset_Reconstrucao',$,(#936,#937));
#935=IFCRELDEFINESBYPROPERTIES('1pOo0ss1v0jOiyUByFzlfz',$,$,$,(#917),#934);
#936=IFCPROPERTYSINGLEVALUE('Fonte',$,IFCLABEL('v\X2\00E3\X0\o da porta'),$);
#937=IFCPROPERTYSINGLEVALUE('Status',$,IFCLABEL('G largura; C altura'),$);
#938=IFCRELVOIDSELEMENT('1JCnIKEg15A9LVKic6qwhi',$,$,$,#397,#917);
#939=IFCCARTESIANPOINT((0.,3.,0.));
#940=IFCDIRECTION((0.,0.,1.));
#941=IFCDIRECTION((1.,0.,0.));
#942=IFCAXIS2PLACEMENT3D(#939,#940,#941);
#943=IFCLOCALPLACEMENT(#418,#942);
#944=IFCRELFILLSELEMENT('1DQAhbrUPDaBV5ynr3bP0N',$,$,$,#917,#889);
#945=IFCDOOR('0_1ggb7ALAK99QWHvX_a_l',$,'PT-05 WC Suite 1',$,$,#966,#956,$,2.1,0.7,$,$,$);
#946=IFCCARTESIANPOINTLIST2D(((0.,0.),(0.199999999999999,0.),(0.199999999999999,0.699999999999999),(0.,0.699999999999999)));
#947=IFCINDEXEDPOLYCURVE(#946,(IFCLINEINDEX((1,2,3,4,1))),$);
#948=IFCARBITRARYCLOSEDPROFILEDEF(.AREA.,$,#947);
#949=IFCCARTESIANPOINT((0.,0.,0.));
#950=IFCDIRECTION((0.,0.,1.));
#951=IFCDIRECTION((1.,0.,0.));
#952=IFCAXIS2PLACEMENT3D(#949,#950,#951);
#953=IFCDIRECTION((0.,0.,1.));
#954=IFCEXTRUDEDAREASOLID(#948,#952,#953,2.1);
#955=IFCSHAPEREPRESENTATION(#11,'Body','SweptSolid',(#954));
#956=IFCPRODUCTDEFINITIONSHAPE($,$,(#955));
#962=IFCCARTESIANPOINT((9.8,-11.03,0.));
#963=IFCDIRECTION((0.,0.,1.));
#964=IFCDIRECTION((1.,0.,0.));
#965=IFCAXIS2PLACEMENT3D(#962,#963,#964);
#966=IFCLOCALPLACEMENT($,#965);
#967=IFCPROPERTYSET('0o6ONP_0160fUi4zt634z1',$,'Pset_Reconstrucao',$,(#969,#970,#971,#972));
#968=IFCRELDEFINESBYPROPERTIES('1sBjoAhaz1CR2ON99e7xzE',$,$,$,(#945),#967);
#969=IFCPROPERTYSINGLEVALUE('Fonte',$,IFCLABEL('PDF folha 02 + cortes'),$);
#970=IFCPROPERTYSINGLEVALUE('Status',$,IFCLABEL('G largura; C altura'),$);
#971=IFCPROPERTYSINGLEVALUE('Largura_m',$,IFCLABEL('0.7'),$);
#972=IFCPROPERTYSINGLEVALUE('Altura_m',$,IFCLABEL('2.1'),$);
#973=IFCOPENINGELEMENT('0yLjvM9OL0YBgt9ocydQiO',$,'V\X2\00E3\X0\o PT-05',$,$,#999,#984,$,$);
#974=IFCCARTESIANPOINTLIST2D(((0.,0.),(0.199999999999999,0.),(0.199999999999999,0.699999999999999),(0.,0.699999999999999)));
#975=IFCINDEXEDPOLYCURVE(#974,(IFCLINEINDEX((1,2,3,4,1))),$);
#976=IFCARBITRARYCLOSEDPROFILEDEF(.AREA.,$,#975);
#977=IFCCARTESIANPOINT((0.,0.,0.));
#978=IFCDIRECTION((0.,0.,1.));
#979=IFCDIRECTION((1.,0.,0.));
#980=IFCAXIS2PLACEMENT3D(#977,#978,#979);
#981=IFCDIRECTION((0.,0.,1.));
#982=IFCEXTRUDEDAREASOLID(#976,#980,#981,2.1);
#983=IFCSHAPEREPRESENTATION(#11,'Body','SweptSolid',(#982));
#984=IFCPRODUCTDEFINITIONSHAPE($,$,(#983));
#990=IFCPROPERTYSET('0ZgQiLBU5EIBn8OMaPaadd',$,'Pset_Reconstrucao',$,(#992,#993));
#991=IFCRELDEFINESBYPROPERTIES('2LV5bEPuv44PO_PFjvme1n',$,$,$,(#973),#990);
#992=IFCPROPERTYSINGLEVALUE('Fonte',$,IFCLABEL('v\X2\00E3\X0\o da porta'),$);
#993=IFCPROPERTYSINGLEVALUE('Status',$,IFCLABEL('G largura; C altura'),$);
#994=IFCRELVOIDSELEMENT('1alClUKxzFCxQAJTji1mrO',$,$,$,#424,#973);
#995=IFCCARTESIANPOINT((0.,0.42,0.));
#996=IFCDIRECTION((0.,0.,1.));
#997=IFCDIRECTION((1.,0.,0.));
#998=IFCAXIS2PLACEMENT3D(#995,#996,#997);
#999=IFCLOCALPLACEMENT(#445,#998);
#1000=IFCRELFILLSELEMENT('3qh7rKItTDz9lRkctx6BDJ',$,$,$,#973,#945);
#1001=IFCDOOR('32j3bVxsv8iub8w_ZbfUY9',$,'PT-06 WC social',$,$,#1022,#1012,$,2.1,0.7,$,$,$);
#1002=IFCCARTESIANPOINTLIST2D(((0.,0.),(0.7,0.),(0.7,0.199999999999999),(0.,0.199999999999999)));
#1003=IFCINDEXEDPOLYCURVE(#1002,(IFCLINEINDEX((1,2,3,4,1))),$);
#1004=IFCARBITRARYCLOSEDPROFILEDEF(.AREA.,$,#1003);
#1005=IFCCARTESIANPOINT((0.,0.,0.));
#1006=IFCDIRECTION((0.,0.,1.));
#1007=IFCDIRECTION((1.,0.,0.));
#1008=IFCAXIS2PLACEMENT3D(#1005,#1006,#1007);
#1009=IFCDIRECTION((0.,0.,1.));
#1010=IFCEXTRUDEDAREASOLID(#1004,#1008,#1009,2.1);
#1011=IFCSHAPEREPRESENTATION(#11,'Body','SweptSolid',(#1010));
#1012=IFCPRODUCTDEFINITIONSHAPE($,$,(#1011));
#1018=IFCCARTESIANPOINT((6.8,-4.85,0.));
#1019=IFCDIRECTION((0.,0.,1.));
#1020=IFCDIRECTION((1.,0.,0.));
#1021=IFCAXIS2PLACEMENT3D(#1018,#1019,#1020);
#1022=IFCLOCALPLACEMENT($,#1021);
#1023=IFCPROPERTYSET('2ZIHk2Dnn66g$0IpilzMCg',$,'Pset_Reconstrucao',$,(#1025,#1026,#1027,#1028));
#1024=IFCRELDEFINESBYPROPERTIES('1lEPGmoOz9egUmB2GpcC5o',$,$,$,(#1001),#1023);
#1025=IFCPROPERTYSINGLEVALUE('Fonte',$,IFCLABEL('PDF folha 02 + cortes'),$);
#1026=IFCPROPERTYSINGLEVALUE('Status',$,IFCLABEL('G largura; C altura (corte B/B)'),$);
#1027=IFCPROPERTYSINGLEVALUE('Largura_m',$,IFCLABEL('0.7'),$);
#1028=IFCPROPERTYSINGLEVALUE('Altura_m',$,IFCLABEL('2.1'),$);
#1029=IFCOPENINGELEMENT('3avBa4fX56Ru8pBYCkrF2b',$,'V\X2\00E3\X0\o PT-06',$,$,#1055,#1040,$,$);
#1030=IFCCARTESIANPOINTLIST2D(((0.,0.),(0.7,0.),(0.7,0.219999999999999),(0.,0.219999999999999)));
#1031=IFCINDEXEDPOLYCURVE(#1030,(IFCLINEINDEX((1,2,3,4,1))),$);
#1032=IFCARBITRARYCLOSEDPROFILEDEF(.AREA.,$,#1031);
#1033=IFCCARTESIANPOINT((0.,0.,0.));
#1034=IFCDIRECTION((0.,0.,1.));
#1035=IFCDIRECTION((1.,0.,0.));
#1036=IFCAXIS2PLACEMENT3D(#1033,#1034,#1035);
#1037=IFCDIRECTION((0.,0.,1.));
#1038=IFCEXTRUDEDAREASOLID(#1032,#1036,#1037,2.1);
#1039=IFCSHAPEREPRESENTATION(#11,'Body','SweptSolid',(#1038));
#1040=IFCPRODUCTDEFINITIONSHAPE($,$,(#1039));
#1046=IFCPROPERTYSET('29oiQdu6r5e9_HTVNqzdSR',$,'Pset_Reconstrucao',$,(#1048,#1049));
#1047=IFCRELDEFINESBYPROPERTIES('1JHeMQ5Hb7GfKqQ2t1C4zp',$,$,$,(#1029),#1046);
#1048=IFCPROPERTYSINGLEVALUE('Fonte',$,IFCLABEL('v\X2\00E3\X0\o da porta'),$);
#1049=IFCPROPERTYSINGLEVALUE('Status',$,IFCLABEL('G largura; C altura (corte B/B)'),$);
#1050=IFCRELVOIDSELEMENT('1YGwoXL9T7WfJvoq2PJgNe',$,$,$,#532,#1029);
#1051=IFCCARTESIANPOINT((1.,-0.00999999999999979,0.));
#1052=IFCDIRECTION((0.,0.,1.));
#1053=IFCDIRECTION((1.,0.,0.));
#1054=IFCAXIS2PLACEMENT3D(#1051,#1052,#1053);
#1055=IFCLOCALPLACEMENT(#553,#1054);
#1056=IFCRELFILLSELEMENT('3UiXwx3pf2qRmcP_OGPx0O',$,$,$,#1029,#1001);
#1057=IFCDOOR('2ZsXWMThv3P8O5jUQW1NgD',$,'PT-07 Despensa',$,$,#1078,#1068,$,2.1,0.8,$,$,$);
#1058=IFCCARTESIANPOINTLIST2D(((0.,0.),(0.800000000000001,0.),(0.800000000000001,0.15),(0.,0.15)));
#1059=IFCINDEXEDPOLYCURVE(#1058,(IFCLINEINDEX((1,2,3,4,1))),$);
#1060=IFCARBITRARYCLOSEDPROFILEDEF(.AREA.,$,#1059);
#1061=IFCCARTESIANPOINT((0.,0.,0.));
#1062=IFCDIRECTION((0.,0.,1.));
#1063=IFCDIRECTION((1.,0.,0.));
#1064=IFCAXIS2PLACEMENT3D(#1061,#1062,#1063);
#1065=IFCDIRECTION((0.,0.,1.));
#1066=IFCEXTRUDEDAREASOLID(#1060,#1064,#1065,2.1);
#1067=IFCSHAPEREPRESENTATION(#11,'Body','SweptSolid',(#1066));
#1068=IFCPRODUCTDEFINITIONSHAPE($,$,(#1067));
#1074=IFCCARTESIANPOINT((7.5,-1.295,0.));
#1075=IFCDIRECTION((0.,0.,1.));
#1076=IFCDIRECTION((1.,0.,0.));
#1077=IFCAXIS2PLACEMENT3D(#1074,#1075,#1076);
#1078=IFCLOCALPLACEMENT($,#1077);
#1079=IFCPROPERTYSET('3Nz2bL7s9DvAcaC8W6Dv1F',$,'Pset_Reconstrucao',$,(#1081,#1082,#1083,#1084));
#1080=IFCRELDEFINESBYPROPERTIES('1UYV89lev1Aev_R1_j7CsW',$,$,$,(#1057),#1079);
#1081=IFCPROPERTYSINGLEVALUE('Fonte',$,IFCLABEL('PDF folha 02 + cortes'),$);
#1082=IFCPROPERTYSINGLEVALUE('Status',$,IFCLABEL('G'),$);
#1083=IFCPROPERTYSINGLEVALUE('Largura_m',$,IFCLABEL('0.8'),$);
#1084=IFCPROPERTYSINGLEVALUE('Altura_m',$,IFCLABEL('2.1'),$);
#1085=IFCOPENINGELEMENT('3zybmK_LPA$BBnRVETpuYC',$,'V\X2\00E3\X0\o PT-07',$,$,#1111,#1096,$,$);
#1086=IFCCARTESIANPOINTLIST2D(((0.,0.),(0.800000000000001,0.),(0.800000000000001,0.17),(0.,0.17)));
#1087=IFCINDEXEDPOLYCURVE(#1086,(IFCLINEINDEX((1,2,3,4,1))),$);
#1088=IFCARBITRARYCLOSEDPROFILEDEF(.AREA.,$,#1087);
#1089=IFCCARTESIANPOINT((0.,0.,0.));
#1090=IFCDIRECTION((0.,0.,1.));
#1091=IFCDIRECTION((1.,0.,0.));
#1092=IFCAXIS2PLACEMENT3D(#1089,#1090,#1091);
#1093=IFCDIRECTION((0.,0.,1.));
#1094=IFCEXTRUDEDAREASOLID(#1088,#1092,#1093,2.1);
#1095=IFCSHAPEREPRESENTATION(#11,'Body','SweptSolid',(#1094));
#1096=IFCPRODUCTDEFINITIONSHAPE($,$,(#1095));
#1102=IFCPROPERTYSET('19qwXt$p94Yxmb1w$hCYef',$,'Pset_Reconstrucao',$,(#1104,#1105));
#1103=IFCRELDEFINESBYPROPERTIES('1ZkS$uB1957u7xHrCwFyVx',$,$,$,(#1085),#1102);
#1104=IFCPROPERTYSINGLEVALUE('Fonte',$,IFCLABEL('v\X2\00E3\X0\o da porta'),$);
#1105=IFCPROPERTYSINGLEVALUE('Status',$,IFCLABEL('G'),$);
#1106=IFCRELVOIDSELEMENT('0KqcgSnXrEbuUJ6HGWK5Us',$,$,$,#586,#1085);
#1107=IFCCARTESIANPOINT((1.7,-0.00499999999999989,0.));
#1108=IFCDIRECTION((0.,0.,1.));
#1109=IFCDIRECTION((1.,0.,0.));
#1110=IFCAXIS2PLACEMENT3D(#1107,#1108,#1109);
#1111=IFCLOCALPLACEMENT(#607,#1110);
#1112=IFCRELFILLSELEMENT('1TJMV90vH6gR9i$f1_Ets8',$,$,$,#1085,#1057);
#1113=IFCDOOR('0fj9VcTcXEJ9_qQhojXGDC',$,'PT-08 \X2\00C1\X0\rea de servi\X2\00E7\X0\o (2 folhas venezianas)',$,$,#1134,#1124,$,2.1,2.,$,$,$);
#1114=IFCCARTESIANPOINTLIST2D(((0.,0.),(2.,0.),(2.,0.120000000000001),(0.,0.120000000000001)));
#1115=IFCINDEXEDPOLYCURVE(#1114,(IFCLINEINDEX((1,2,3,4,1))),$);
#1116=IFCARBITRARYCLOSEDPROFILEDEF(.AREA.,$,#1115);
#1117=IFCCARTESIANPOINT((0.,0.,0.));
#1118=IFCDIRECTION((0.,0.,1.));
#1119=IFCDIRECTION((1.,0.,0.));
#1120=IFCAXIS2PLACEMENT3D(#1117,#1118,#1119);
#1121=IFCDIRECTION((0.,0.,1.));
#1122=IFCEXTRUDEDAREASOLID(#1116,#1120,#1121,2.1);
#1123=IFCSHAPEREPRESENTATION(#11,'Body','SweptSolid',(#1122));
#1124=IFCPRODUCTDEFINITIONSHAPE($,$,(#1123));
#1130=IFCCARTESIANPOINT((0.9,-10.62,0.));
#1131=IFCDIRECTION((0.,0.,1.));
#1132=IFCDIRECTION((1.,0.,0.));
#1133=IFCAXIS2PLACEMENT3D(#1130,#1131,#1132);
#1134=IFCLOCALPLACEMENT($,#1133);
#1135=IFCPROPERTYSET('2aKKKiQJr0UhjEoaC0qkGI',$,'Pset_Reconstrucao',$,(#1137,#1138,#1139,#1140));
#1136=IFCRELDEFINESBYPROPERTIES('3kSDjeKrP23uRakLM3ES57',$,$,$,(#1113),#1135);
#1137=IFCPROPERTYSINGLEVALUE('Fonte',$,IFCLABEL('PDF folha 02 + cortes'),$);
#1138=IFCPROPERTYSINGLEVALUE('Status',$,IFCLABEL('C largura 2,00; altura X fachada lateral esquerda'),$);
#1139=IFCPROPERTYSINGLEVALUE('Largura_m',$,IFCLABEL('2.0'),$);
#1140=IFCPROPERTYSINGLEVALUE('Altura_m',$,IFCLABEL('2.1'),$);
#1141=IFCOPENINGELEMENT('3c4bfDkkb8sBbE_$5XMnrp',$,'V\X2\00E3\X0\o PT-08',$,$,#1167,#1152,$,$);
#1142=IFCCARTESIANPOINTLIST2D(((0.,0.),(2.,0.),(2.,0.140000000000001),(0.,0.140000000000001)));
#1143=IFCINDEXEDPOLYCURVE(#1142,(IFCLINEINDEX((1,2,3,4,1))),$);
#1144=IFCARBITRARYCLOSEDPROFILEDEF(.AREA.,$,#1143);
#1145=IFCCARTESIANPOINT((0.,0.,0.));
#1146=IFCDIRECTION((0.,0.,1.));
#1147=IFCDIRECTION((1.,0.,0.));
#1148=IFCAXIS2PLACEMENT3D(#1145,#1146,#1147);
#1149=IFCDIRECTION((0.,0.,1.));
#1150=IFCEXTRUDEDAREASOLID(#1144,#1148,#1149,2.1);
#1151=IFCSHAPEREPRESENTATION(#11,'Body','SweptSolid',(#1150));
#1152=IFCPRODUCTDEFINITIONSHAPE($,$,(#1151));
#1158=IFCPROPERTYSET('3Yte23Rd55VgnDmEABE7Ua',$,'Pset_Reconstrucao',$,(#1160,#1161));
#1159=IFCRELDEFINESBYPROPERTIES('0yVMtHtP54aRSHi0Iq7emf',$,$,$,(#1141),#1158);
#1160=IFCPROPERTYSINGLEVALUE('Fonte',$,IFCLABEL('v\X2\00E3\X0\o da porta'),$);
#1161=IFCPROPERTYSINGLEVALUE('Status',$,IFCLABEL('C largura 2,00; altura X fachada lateral esquerda'),$);
#1162=IFCRELVOIDSELEMENT('2OVZ9jwTX8Ef8aZiZrGWmk',$,$,$,#694,#1141);
#1163=IFCCARTESIANPOINT((0.2,-0.0100000000000016,0.));
#1164=IFCDIRECTION((0.,0.,1.));
#1165=IFCDIRECTION((1.,0.,0.));
#1166=IFCAXIS2PLACEMENT3D(#1163,#1164,#1165);
#1167=IFCLOCALPLACEMENT(#715,#1166);
#1168=IFCRELFILLSELEMENT('2XDouKTaPCXAZNlNXXm7Dn',$,$,$,#1141,#1113);
#1169=IFCDOOR('03WSBSgAP5YPfUVf7Aj4va',$,'PT-09 \X2\00C1\X0\rea de servi\X2\00E7\X0\o (arm\X2\00E1\X0\rio t\X2\00E9\X0\cnico)',$,$,#1190,#1180,$,2.1,1.2,$,$,$);
#1170=IFCCARTESIANPOINTLIST2D(((0.,0.),(1.2,0.),(1.2,0.120000000000001),(0.,0.120000000000001)));
#1171=IFCINDEXEDPOLYCURVE(#1170,(IFCLINEINDEX((1,2,3,4,1))),$);
#1172=IFCARBITRARYCLOSEDPROFILEDEF(.AREA.,$,#1171);
#1173=IFCCARTESIANPOINT((0.,0.,0.));
#1174=IFCDIRECTION((0.,0.,1.));
#1175=IFCDIRECTION((1.,0.,0.));
#1176=IFCAXIS2PLACEMENT3D(#1173,#1174,#1175);
#1177=IFCDIRECTION((0.,0.,1.));
#1178=IFCEXTRUDEDAREASOLID(#1172,#1176,#1177,2.1);
#1179=IFCSHAPEREPRESENTATION(#11,'Body','SweptSolid',(#1178));
#1180=IFCPRODUCTDEFINITIONSHAPE($,$,(#1179));
#1186=IFCCARTESIANPOINT((3.1,-10.62,0.));
#1187=IFCDIRECTION((0.,0.,1.));
#1188=IFCDIRECTION((1.,0.,0.));
#1189=IFCAXIS2PLACEMENT3D(#1186,#1187,#1188);
#1190=IFCLOCALPLACEMENT($,#1189);
#1191=IFCPROPERTYSET('22z9w05i14vPlwGBgCJzPr',$,'Pset_Reconstrucao',$,(#1193,#1194,#1195,#1196));
#1192=IFCRELDEFINESBYPROPERTIES('0LDsSbJQT9jf65y5JWILNT',$,$,$,(#1169),#1191);
#1193=IFCPROPERTYSINGLEVALUE('Fonte',$,IFCLABEL('PDF folha 02 + cortes'),$);
#1194=IFCPROPERTYSINGLEVALUE('Status',$,IFCLABEL('C largura; altura X fachada'),$);
#1195=IFCPROPERTYSINGLEVALUE('Largura_m',$,IFCLABEL('1.2'),$);
#1196=IFCPROPERTYSINGLEVALUE('Altura_m',$,IFCLABEL('2.1'),$);
#1197=IFCOPENINGELEMENT('2HZ52Or4DDQhLbFhLIV$4n',$,'V\X2\00E3\X0\o PT-09',$,$,#1223,#1208,$,$);
#1198=IFCCARTESIANPOINTLIST2D(((0.,0.),(1.2,0.),(1.2,0.140000000000001),(0.,0.140000000000001)));
#1199=IFCINDEXEDPOLYCURVE(#1198,(IFCLINEINDEX((1,2,3,4,1))),$);
#1200=IFCARBITRARYCLOSEDPROFILEDEF(.AREA.,$,#1199);
#1201=IFCCARTESIANPOINT((0.,0.,0.));
#1202=IFCDIRECTION((0.,0.,1.));
#1203=IFCDIRECTION((1.,0.,0.));
#1204=IFCAXIS2PLACEMENT3D(#1201,#1202,#1203);
#1205=IFCDIRECTION((0.,0.,1.));
#1206=IFCEXTRUDEDAREASOLID(#1200,#1204,#1205,2.1);
#1207=IFCSHAPEREPRESENTATION(#11,'Body','SweptSolid',(#1206));
#1208=IFCPRODUCTDEFINITIONSHAPE($,$,(#1207));
#1214=IFCPROPERTYSET('07JdH8Okn2MxMw$QMeImJd',$,'Pset_Reconstrucao',$,(#1216,#1217));
#1215=IFCRELDEFINESBYPROPERTIES('2Xoi3pjrrC_wXPUvu5rl6k',$,$,$,(#1197),#1214);
#1216=IFCPROPERTYSINGLEVALUE('Fonte',$,IFCLABEL('v\X2\00E3\X0\o da porta'),$);
#1217=IFCPROPERTYSINGLEVALUE('Status',$,IFCLABEL('C largura; altura X fachada'),$);
#1218=IFCRELVOIDSELEMENT('2bRth5YkD1Bgbm9lolPaQO',$,$,$,#694,#1197);
#1219=IFCCARTESIANPOINT((2.4,-0.0100000000000016,0.));
#1220=IFCDIRECTION((0.,0.,1.));
#1221=IFCDIRECTION((1.,0.,0.));
#1222=IFCAXIS2PLACEMENT3D(#1219,#1220,#1221);
#1223=IFCLOCALPLACEMENT(#715,#1222);
#1224=IFCRELFILLSELEMENT('3Zu9HbCnDEKu2fWBY6N_Uw',$,$,$,#1197,#1169);
#1225=IFCWINDOW('1PR9UPfvLB7f8vPuslZ_eS',$,'JV-01 Sala de jantar \X2\2014\X0\ norte',$,$,#1246,#1236,$,2.9,3.95,$,$,$);
#1226=IFCCARTESIANPOINTLIST2D(((0.,0.),(3.95,0.),(3.95,0.1),(0.,0.1)));
#1227=IFCINDEXEDPOLYCURVE(#1226,(IFCLINEINDEX((1,2,3,4,1))),$);
#1228=IFCARBITRARYCLOSEDPROFILEDEF(.AREA.,$,#1227);
#1229=IFCCARTESIANPOINT((0.,0.,0.));
#1230=IFCDIRECTION((0.,0.,1.));
#1231=IFCDIRECTION((1.,0.,0.));
#1232=IFCAXIS2PLACEMENT3D(#1229,#1230,#1231);
#1233=IFCDIRECTION((0.,0.,1.));
#1234=IFCEXTRUDEDAREASOLID(#1228,#1232,#1233,2.9);
#1235=IFCSHAPEREPRESENTATION(#11,'Body','SweptSolid',(#1234));
#1236=IFCPRODUCTDEFINITIONSHAPE($,$,(#1235));
#1242=IFCCARTESIANPOINT((0.65,-0.05,0.));
#1243=IFCDIRECTION((0.,0.,1.));
#1244=IFCDIRECTION((1.,0.,0.));
#1245=IFCAXIS2PLACEMENT3D(#1242,#1243,#1244);
#1246=IFCLOCALPLACEMENT($,#1245);
#1247=IFCPROPERTYSET('1MzdzhHafE8R5ERN2Mgc1z',$,'Pset_Reconstrucao',$,(#1249,#1250,#1251));
#1248=IFCRELDEFINESBYPROPERTIES('0TjufWltrAaQ03emPT4y68',$,$,$,(#1225),#1247);
#1249=IFCPROPERTYSINGLEVALUE('Fonte',$,IFCLABEL('PDF folhas 01/02/03'),$);
#1250=IFCPROPERTYSINGLEVALUE('Status',$,IFCLABEL('X (fachada lat. direita: 3 folhas). CONFLITO: cota 3,50'),$);
#1251=IFCPROPERTYSINGLEVALUE('Folhas',$,IFCLABEL('3'),$);
#1252=IFCBEAM('3jaTrl1yn7h9c2UCHLJkjT',$,'Verga JV-01',$,$,#1273,#1263,$,$);
#1253=IFCCARTESIANPOINTLIST2D(((0.,0.),(3.95,0.),(3.95,0.2),(0.,0.2)));
#1254=IFCINDEXEDPOLYCURVE(#1253,(IFCLINEINDEX((1,2,3,4,1))),$);
#1255=IFCARBITRARYCLOSEDPROFILEDEF(.AREA.,$,#1254);
#1256=IFCCARTESIANPOINT((0.,0.,0.));
#1257=IFCDIRECTION((0.,0.,1.));
#1258=IFCDIRECTION((1.,0.,0.));
#1259=IFCAXIS2PLACEMENT3D(#1256,#1257,#1258);
#1260=IFCDIRECTION((0.,0.,1.));
#1261=IFCEXTRUDEDAREASOLID(#1255,#1259,#1260,0.3);
#1262=IFCSHAPEREPRESENTATION(#11,'Body','SweptSolid',(#1261));
#1263=IFCPRODUCTDEFINITIONSHAPE($,$,(#1262));
#1269=IFCCARTESIANPOINT((0.65,-0.1,2.9));
#1270=IFCDIRECTION((0.,0.,1.));
#1271=IFCDIRECTION((1.,0.,0.));
#1272=IFCAXIS2PLACEMENT3D(#1269,#1270,#1271);
#1273=IFCLOCALPLACEMENT($,#1272);
#1274=IFCPROPERTYSET('2CyVmKJ6X3K9bXXEBiHKDU',$,'Pset_Reconstrucao',$,(#1276,#1277));
#1275=IFCRELDEFINESBYPROPERTIES('0QE11RJITClfO3uFtnFlhs',$,$,$,(#1252),#1274);
#1276=IFCPROPERTYSINGLEVALUE('Fonte',$,IFCLABEL('cortes'),$);
#1277=IFCPROPERTYSINGLEVALUE('Status',$,IFCLABEL('C se\X2\00E700E3\X0\o 20x30'),$);
#1278=IFCWINDOW('3WGBqFjWX3JRhCJuvA1RY0',$,'JV-02 Cozinha \X2\2014\X0\ norte',$,$,#1299,#1289,$,2.9,1.7,$,$,$);
#1279=IFCCARTESIANPOINTLIST2D(((0.,0.),(1.7,0.),(1.7,0.1),(0.,0.1)));
#1280=IFCINDEXEDPOLYCURVE(#1279,(IFCLINEINDEX((1,2,3,4,1))),$);
#1281=IFCARBITRARYCLOSEDPROFILEDEF(.AREA.,$,#1280);
#1282=IFCCARTESIANPOINT((0.,0.,0.));
#1283=IFCDIRECTION((0.,0.,1.));
#1284=IFCDIRECTION((1.,0.,0.));
#1285=IFCAXIS2PLACEMENT3D(#1282,#1283,#1284);
#1286=IFCDIRECTION((0.,0.,1.));
#1287=IFCEXTRUDEDAREASOLID(#1281,#1285,#1286,2.9);
#1288=IFCSHAPEREPRESENTATION(#11,'Body','SweptSolid',(#1287));
#1289=IFCPRODUCTDEFINITIONSHAPE($,$,(#1288));
#1295=IFCCARTESIANPOINT((6.6,-0.05,0.));
#1296=IFCDIRECTION((0.,0.,1.));
#1297=IFCDIRECTION((1.,0.,0.));
#1298=IFCAXIS2PLACEMENT3D(#1295,#1296,#1297);
#1299=IFCLOCALPLACEMENT($,#1298);
#1300=IFCPROPERTYSET('3mnvigV49DXB1HT1pi9Vs6',$,'Pset_Reconstrucao',$,(#1302,#1303,#1304));
#1301=IFCRELDEFINESBYPROPERTIES('1dbzCTcvLCCf4RhvgCr69K',$,$,$,(#1278),#1300);
#1302=IFCPROPERTYSINGLEVALUE('Fonte',$,IFCLABEL('PDF folhas 01/02/03'),$);
#1303=IFCPROPERTYSINGLEVALUE('Status',$,IFCLABEL('C 1,70 + X fachada'),$);
#1304=IFCPROPERTYSINGLEVALUE('Folhas',$,IFCLABEL('2'),$);
#1305=IFCBEAM('0FDwsnL6zCMxRH_6lh17Vk',$,'Verga JV-02',$,$,#1326,#1316,$,$);
#1306=IFCCARTESIANPOINTLIST2D(((0.,0.),(1.7,0.),(1.7,0.2),(0.,0.2)));
#1307=IFCINDEXEDPOLYCURVE(#1306,(IFCLINEINDEX((1,2,3,4,1))),$);
#1308=IFCARBITRARYCLOSEDPROFILEDEF(.AREA.,$,#1307);
#1309=IFCCARTESIANPOINT((0.,0.,0.));
#1310=IFCDIRECTION((0.,0.,1.));
#1311=IFCDIRECTION((1.,0.,0.));
#1312=IFCAXIS2PLACEMENT3D(#1309,#1310,#1311);
#1313=IFCDIRECTION((0.,0.,1.));
#1314=IFCEXTRUDEDAREASOLID(#1308,#1312,#1313,0.3);
#1315=IFCSHAPEREPRESENTATION(#11,'Body','SweptSolid',(#1314));
#1316=IFCPRODUCTDEFINITIONSHAPE($,$,(#1315));
#1322=IFCCARTESIANPOINT((6.6,-0.1,2.9));
#1323=IFCDIRECTION((0.,0.,1.));
#1324=IFCDIRECTION((1.,0.,0.));
#1325=IFCAXIS2PLACEMENT3D(#1322,#1323,#1324);
#1326=IFCLOCALPLACEMENT($,#1325);
#1327=IFCPROPERTYSET('0QEPAVErfCj88tZNpQYbl9',$,'Pset_Reconstrucao',$,(#1329,#1330));
#1328=IFCRELDEFINESBYPROPERTIES('2nK7URsHXBMAEwSISIsRLa',$,$,$,(#1305),#1327);
#1329=IFCPROPERTYSINGLEVALUE('Fonte',$,IFCLABEL('cortes'),$);
#1330=IFCPROPERTYSINGLEVALUE('Status',$,IFCLABEL('C se\X2\00E700E3\X0\o 20x30'),$);
#1331=IFCWINDOW('2jrQVJDTP358ExR4KiOr9C',$,'JV-03 Sala de jantar \X2\2014\X0\ oeste',$,$,#1352,#1342,$,2.9,3.95,$,$,$);
#1332=IFCCARTESIANPOINTLIST2D(((0.,0.),(0.1,0.),(0.1,3.95),(0.,3.95)));
#1333=IFCINDEXEDPOLYCURVE(#1332,(IFCLINEINDEX((1,2,3,4,1))),$);
#1334=IFCARBITRARYCLOSEDPROFILEDEF(.AREA.,$,#1333);
#1335=IFCCARTESIANPOINT((0.,0.,0.));
#1336=IFCDIRECTION((0.,0.,1.));
#1337=IFCDIRECTION((1.,0.,0.));
#1338=IFCAXIS2PLACEMENT3D(#1335,#1336,#1337);
#1339=IFCDIRECTION((0.,0.,1.));
#1340=IFCEXTRUDEDAREASOLID(#1334,#1338,#1339,2.9);
#1341=IFCSHAPEREPRESENTATION(#11,'Body','SweptSolid',(#1340));
#1342=IFCPRODUCTDEFINITIONSHAPE($,$,(#1341));
#1348=IFCCARTESIANPOINT((-0.05,-4.65,0.));
#1349=IFCDIRECTION((0.,0.,1.));
#1350=IFCDIRECTION((1.,0.,0.));
#1351=IFCAXIS2PLACEMENT3D(#1348,#1349,#1350);
#1352=IFCLOCALPLACEMENT($,#1351);
#1353=IFCPROPERTYSET('2ty0tltiP3nuNZXeSWKQRL',$,'Pset_Reconstrucao',$,(#1355,#1356,#1357));
#1354=IFCRELDEFINESBYPROPERTIES('3O9JKjyOfB9QALl2cded5s',$,$,$,(#1331),#1353);
#1355=IFCPROPERTYSINGLEVALUE('Fonte',$,IFCLABEL('PDF folhas 01/02/03'),$);
#1356=IFCPROPERTYSINGLEVALUE('Status',$,IFCLABEL('X (al\X2\00E7\X0\ado posterior). CONFLITO: cota 3,45'),$);
#1357=IFCPROPERTYSINGLEVALUE('Folhas',$,IFCLABEL('3'),$);
#1358=IFCBEAM('3$gekv0d1Cqfup4WJdi6Ac',$,'Verga JV-03',$,$,#1379,#1369,$,$);
#1359=IFCCARTESIANPOINTLIST2D(((0.,0.),(0.2,0.),(0.2,3.95),(0.,3.95)));
#1360=IFCINDEXEDPOLYCURVE(#1359,(IFCLINEINDEX((1,2,3,4,1))),$);
#1361=IFCARBITRARYCLOSEDPROFILEDEF(.AREA.,$,#1360);
#1362=IFCCARTESIANPOINT((0.,0.,0.));
#1363=IFCDIRECTION((0.,0.,1.));
#1364=IFCDIRECTION((1.,0.,0.));
#1365=IFCAXIS2PLACEMENT3D(#1362,#1363,#1364);
#1366=IFCDIRECTION((0.,0.,1.));
#1367=IFCEXTRUDEDAREASOLID(#1361,#1365,#1366,0.3);
#1368=IFCSHAPEREPRESENTATION(#11,'Body','SweptSolid',(#1367));
#1369=IFCPRODUCTDEFINITIONSHAPE($,$,(#1368));
#1375=IFCCARTESIANPOINT((-0.1,-4.65,2.9));
#1376=IFCDIRECTION((0.,0.,1.));
#1377=IFCDIRECTION((1.,0.,0.));
#1378=IFCAXIS2PLACEMENT3D(#1375,#1376,#1377);
#1379=IFCLOCALPLACEMENT($,#1378);
#1380=IFCPROPERTYSET('1Jfj_4bwvFgxSGkerMxxNy',$,'Pset_Reconstrucao',$,(#1382,#1383));
#1381=IFCRELDEFINESBYPROPERTIES('3I2r6zz6nBo8sY_j9dLUUd',$,$,$,(#1358),#1380);
#1382=IFCPROPERTYSINGLEVALUE('Fonte',$,IFCLABEL('cortes'),$);
#1383=IFCPROPERTYSINGLEVALUE('Status',$,IFCLABEL('C se\X2\00E700E3\X0\o 20x30'),$);
#1384=IFCWINDOW('1MAszPz6r2E9ThY7bM4eFN',$,'JV-04 Sala de estar \X2\2014\X0\ oeste',$,$,#1405,#1395,$,2.9,3.95,$,$,$);
#1385=IFCCARTESIANPOINTLIST2D(((0.,0.),(0.1,0.),(0.1,3.95),(0.,3.95)));
#1386=IFCINDEXEDPOLYCURVE(#1385,(IFCLINEINDEX((1,2,3,4,1))),$);
#1387=IFCARBITRARYCLOSEDPROFILEDEF(.AREA.,$,#1386);
#1388=IFCCARTESIANPOINT((0.,0.,0.));
#1389=IFCDIRECTION((0.,0.,1.));
#1390=IFCDIRECTION((1.,0.,0.));
#1391=IFCAXIS2PLACEMENT3D(#1388,#1389,#1390);
#1392=IFCDIRECTION((0.,0.,1.));
#1393=IFCEXTRUDEDAREASOLID(#1387,#1391,#1392,2.9);
#1394=IFCSHAPEREPRESENTATION(#11,'Body','SweptSolid',(#1393));
#1395=IFCPRODUCTDEFINITIONSHAPE($,$,(#1394));
#1401=IFCCARTESIANPOINT((-0.05,-9.,0.));
#1402=IFCDIRECTION((0.,0.,1.));
#1403=IFCDIRECTION((1.,0.,0.));
#1404=IFCAXIS2PLACEMENT3D(#1401,#1402,#1403);
#1405=IFCLOCALPLACEMENT($,#1404);
#1406=IFCPROPERTYSET('14VEVkYy9EZgfQzPSXp$At',$,'Pset_Reconstrucao',$,(#1408,#1409,#1410));
#1407=IFCRELDEFINESBYPROPERTIES('1fWlihGk500hb0cPlyelhf',$,$,$,(#1384),#1406);
#1408=IFCPROPERTYSINGLEVALUE('Fonte',$,IFCLABEL('PDF folhas 01/02/03'),$);
#1409=IFCPROPERTYSINGLEVALUE('Status',$,IFCLABEL('X (al\X2\00E7\X0\ado posterior). CONFLITO: cota 3,65'),$);
#1410=IFCPROPERTYSINGLEVALUE('Folhas',$,IFCLABEL('3'),$);
#1411=IFCBEAM('2wirg89X56duTp1t_OWkEo',$,'Verga JV-04',$,$,#1432,#1422,$,$);
#1412=IFCCARTESIANPOINTLIST2D(((0.,0.),(0.2,0.),(0.2,3.95),(0.,3.95)));
#1413=IFCINDEXEDPOLYCURVE(#1412,(IFCLINEINDEX((1,2,3,4,1))),$);
#1414=IFCARBITRARYCLOSEDPROFILEDEF(.AREA.,$,#1413);
#1415=IFCCARTESIANPOINT((0.,0.,0.));
#1416=IFCDIRECTION((0.,0.,1.));
#1417=IFCDIRECTION((1.,0.,0.));
#1418=IFCAXIS2PLACEMENT3D(#1415,#1416,#1417);
#1419=IFCDIRECTION((0.,0.,1.));
#1420=IFCEXTRUDEDAREASOLID(#1414,#1418,#1419,0.3);
#1421=IFCSHAPEREPRESENTATION(#11,'Body','SweptSolid',(#1420));
#1422=IFCPRODUCTDEFINITIONSHAPE($,$,(#1421));
#1428=IFCCARTESIANPOINT((-0.1,-9.,2.9));
#1429=IFCDIRECTION((0.,0.,1.));
#1430=IFCDIRECTION((1.,0.,0.));
#1431=IFCAXIS2PLACEMENT3D(#1428,#1429,#1430);
#1432=IFCLOCALPLACEMENT($,#1431);
#1433=IFCPROPERTYSET('2DM75VBwr4KQ_nft55QIbN',$,'Pset_Reconstrucao',$,(#1435,#1436));
#1434=IFCRELDEFINESBYPROPERTIES('0HlgckRdb0K8ELFmaj_Shq',$,$,$,(#1411),#1433);
#1435=IFCPROPERTYSINGLEVALUE('Fonte',$,IFCLABEL('cortes'),$);
#1436=IFCPROPERTYSINGLEVALUE('Status',$,IFCLABEL('C se\X2\00E700E3\X0\o 20x30'),$);
#1437=IFCWINDOW('0$LPymCI14ce4nvjwqMefH',$,'JV-05 Sala de estar \X2\2014\X0\ sul (fixo)',$,$,#1458,#1448,$,2.9,0.6,$,$,$);
#1438=IFCCARTESIANPOINTLIST2D(((0.,0.),(0.6,0.),(0.6,0.100000000000001),(0.,0.100000000000001)));
#1439=IFCINDEXEDPOLYCURVE(#1438,(IFCLINEINDEX((1,2,3,4,1))),$);
#1440=IFCARBITRARYCLOSEDPROFILEDEF(.AREA.,$,#1439);
#1441=IFCCARTESIANPOINT((0.,0.,0.));
#1442=IFCDIRECTION((0.,0.,1.));
#1443=IFCDIRECTION((1.,0.,0.));
#1444=IFCAXIS2PLACEMENT3D(#1441,#1442,#1443);
#1445=IFCDIRECTION((0.,0.,1.));
#1446=IFCEXTRUDEDAREASOLID(#1440,#1444,#1445,2.9);
#1447=IFCSHAPEREPRESENTATION(#11,'Body','SweptSolid',(#1446));
#1448=IFCPRODUCTDEFINITIONSHAPE($,$,(#1447));
#1454=IFCCARTESIANPOINT((0.1,-9.95,0.));
#1455=IFCDIRECTION((0.,0.,1.));
#1456=IFCDIRECTION((1.,0.,0.));
#1457=IFCAXIS2PLACEMENT3D(#1454,#1455,#1456);
#1458=IFCLOCALPLACEMENT($,#1457);
#1459=IFCPROPERTYSET('10sH2DU8rEw8LSw6_sXlKo',$,'Pset_Reconstrucao',$,(#1461,#1462,#1463));
#1460=IFCRELDEFINESBYPROPERTIES('0ax_7N_gHD_vYGv1OMYILW',$,$,$,(#1437),#1459);
#1461=IFCPROPERTYSINGLEVALUE('Fonte',$,IFCLABEL('PDF folhas 01/02/03'),$);
#1462=IFCPROPERTYSINGLEVALUE('Status',$,IFCLABEL('C 0,60'),$);
#1463=IFCPROPERTYSINGLEVALUE('Folhas',$,IFCLABEL('1'),$);
#1464=IFCBEAM('0J4ZtvfBHEGe57JanIEI4n',$,'Verga JV-05',$,$,#1485,#1475,$,$);
#1465=IFCCARTESIANPOINTLIST2D(((0.,0.),(0.6,0.),(0.6,0.199999999999999),(0.,0.199999999999999)));
#1466=IFCINDEXEDPOLYCURVE(#1465,(IFCLINEINDEX((1,2,3,4,1))),$);
#1467=IFCARBITRARYCLOSEDPROFILEDEF(.AREA.,$,#1466);
#1468=IFCCARTESIANPOINT((0.,0.,0.));
#1469=IFCDIRECTION((0.,0.,1.));
#1470=IFCDIRECTION((1.,0.,0.));
#1471=IFCAXIS2PLACEMENT3D(#1468,#1469,#1470);
#1472=IFCDIRECTION((0.,0.,1.));
#1473=IFCEXTRUDEDAREASOLID(#1467,#1471,#1472,0.3);
#1474=IFCSHAPEREPRESENTATION(#11,'Body','SweptSolid',(#1473));
#1475=IFCPRODUCTDEFINITIONSHAPE($,$,(#1474));
#1481=IFCCARTESIANPOINT((0.1,-10.,2.9));
#1482=IFCDIRECTION((0.,0.,1.));
#1483=IFCDIRECTION((1.,0.,0.));
#1484=IFCAXIS2PLACEMENT3D(#1481,#1482,#1483);
#1485=IFCLOCALPLACEMENT($,#1484);
#1486=IFCPROPERTYSET('15pp4GORjFw8akDiuoIe2U',$,'Pset_Reconstrucao',$,(#1488,#1489));
#1487=IFCRELDEFINESBYPROPERTIES('3xtNOIvrr70Pq35Ty5jnaJ',$,$,$,(#1464),#1486);
#1488=IFCPROPERTYSINGLEVALUE('Fonte',$,IFCLABEL('cortes'),$);
#1489=IFCPROPERTYSINGLEVALUE('Status',$,IFCLABEL('C se\X2\00E700E3\X0\o 20x30'),$);
#1490=IFCWINDOW('3TWhZ9sCf2WOPbiGZLRHOw',$,'JV-06 Sala de estar \X2\2014\X0\ sul (fixo)',$,$,#1511,#1501,$,2.9,0.6,$,$,$);
#1491=IFCCARTESIANPOINTLIST2D(((0.,0.),(0.6,0.),(0.6,0.100000000000001),(0.,0.100000000000001)));
#1492=IFCINDEXEDPOLYCURVE(#1491,(IFCLINEINDEX((1,2,3,4,1))),$);
#1493=IFCARBITRARYCLOSEDPROFILEDEF(.AREA.,$,#1492);
#1494=IFCCARTESIANPOINT((0.,0.,0.));
#1495=IFCDIRECTION((0.,0.,1.));
#1496=IFCDIRECTION((1.,0.,0.));
#1497=IFCAXIS2PLACEMENT3D(#1494,#1495,#1496);
#1498=IFCDIRECTION((0.,0.,1.));
#1499=IFCEXTRUDEDAREASOLID(#1493,#1497,#1498,2.9);
#1500=IFCSHAPEREPRESENTATION(#11,'Body','SweptSolid',(#1499));
#1501=IFCPRODUCTDEFINITIONSHAPE($,$,(#1500));
#1507=IFCCARTESIANPOINT((4.5,-9.95,0.));
#1508=IFCDIRECTION((0.,0.,1.));
#1509=IFCDIRECTION((1.,0.,0.));
#1510=IFCAXIS2PLACEMENT3D(#1507,#1508,#1509);
#1511=IFCLOCALPLACEMENT($,#1510);
#1512=IFCPROPERTYSET('0k46QBWM50AfChZHqyWyKB',$,'Pset_Reconstrucao',$,(#1514,#1515,#1516));
#1513=IFCRELDEFINESBYPROPERTIES('1_NDT7Goz5vuKQEucPqIjv',$,$,$,(#1490),#1512);
#1514=IFCPROPERTYSINGLEVALUE('Fonte',$,IFCLABEL('PDF folhas 01/02/03'),$);
#1515=IFCPROPERTYSINGLEVALUE('Status',$,IFCLABEL('C 0,60'),$);
#1516=IFCPROPERTYSINGLEVALUE('Folhas',$,IFCLABEL('1'),$);
#1517=IFCBEAM('0ExRwPZVL1rxSxrrgI_Agp',$,'Verga JV-06',$,$,#1538,#1528,$,$);
#1518=IFCCARTESIANPOINTLIST2D(((0.,0.),(0.6,0.),(0.6,0.199999999999999),(0.,0.199999999999999)));
#1519=IFCINDEXEDPOLYCURVE(#1518,(IFCLINEINDEX((1,2,3,4,1))),$);
#1520=IFCARBITRARYCLOSEDPROFILEDEF(.AREA.,$,#1519);
#1521=IFCCARTESIANPOINT((0.,0.,0.));
#1522=IFCDIRECTION((0.,0.,1.));
#1523=IFCDIRECTION((1.,0.,0.));
#1524=IFCAXIS2PLACEMENT3D(#1521,#1522,#1523);
#1525=IFCDIRECTION((0.,0.,1.));
#1526=IFCEXTRUDEDAREASOLID(#1520,#1524,#1525,0.3);
#1527=IFCSHAPEREPRESENTATION(#11,'Body','SweptSolid',(#1526));
#1528=IFCPRODUCTDEFINITIONSHAPE($,$,(#1527));
#1534=IFCCARTESIANPOINT((4.5,-10.,2.9));
#1535=IFCDIRECTION((0.,0.,1.));
#1536=IFCDIRECTION((1.,0.,0.));
#1537=IFCAXIS2PLACEMENT3D(#1534,#1535,#1536);
#1538=IFCLOCALPLACEMENT($,#1537);
#1539=IFCPROPERTYSET('3DYed5_Ej09viSgmnXTYXe',$,'Pset_Reconstrucao',$,(#1541,#1542));
#1540=IFCRELDEFINESBYPROPERTIES('0tl4$$t718chhHxbh7ZO7o',$,$,$,(#1517),#1539);
#1541=IFCPROPERTYSINGLEVALUE('Fonte',$,IFCLABEL('cortes'),$);
#1542=IFCPROPERTYSINGLEVALUE('Status',$,IFCLABEL('C se\X2\00E700E3\X0\o 20x30'),$);
#1543=IFCWINDOW('2H92MDxk5FzRVLHDYFtdb7',$,'JV-07 Suite 2 \X2\2014\X0\ sul',$,$,#1564,#1554,$,2.9,3.,$,$,$);
#1544=IFCCARTESIANPOINTLIST2D(((0.,0.),(3.,0.),(3.,0.100000000000001),(0.,0.100000000000001)));
#1545=IFCINDEXEDPOLYCURVE(#1544,(IFCLINEINDEX((1,2,3,4,1))),$);
#1546=IFCARBITRARYCLOSEDPROFILEDEF(.AREA.,$,#1545);
#1547=IFCCARTESIANPOINT((0.,0.,0.));
#1548=IFCDIRECTION((0.,0.,1.));
#1549=IFCDIRECTION((1.,0.,0.));
#1550=IFCAXIS2PLACEMENT3D(#1547,#1548,#1549);
#1551=IFCDIRECTION((0.,0.,1.));
#1552=IFCEXTRUDEDAREASOLID(#1546,#1550,#1551,2.9);
#1553=IFCSHAPEREPRESENTATION(#11,'Body','SweptSolid',(#1552));
#1554=IFCPRODUCTDEFINITIONSHAPE($,$,(#1553));
#1560=IFCCARTESIANPOINT((5.3,-11.2,0.));
#1561=IFCDIRECTION((0.,0.,1.));
#1562=IFCDIRECTION((1.,0.,0.));
#1563=IFCAXIS2PLACEMENT3D(#1560,#1561,#1562);
#1564=IFCLOCALPLACEMENT($,#1563);
#1565=IFCPROPERTYSET('2iGTEwtsLCtgsQIHS5oipn',$,'Pset_Reconstrucao',$,(#1567,#1568,#1569));
#1566=IFCRELDEFINESBYPROPERTIES('2djLFNjVPApBRQHIZVKG39',$,$,$,(#1543),#1565);
#1567=IFCPROPERTYSINGLEVALUE('Fonte',$,IFCLABEL('PDF folhas 01/02/03'),$);
#1568=IFCPROPERTYSINGLEVALUE('Status',$,IFCLABEL('C 3,00 + X fachada lat. esquerda + corte B/B'),$);
#1569=IFCPROPERTYSINGLEVALUE('Folhas',$,IFCLABEL('2'),$);
#1570=IFCBEAM('2K3idstGH4kfvUpeUvBURK',$,'Verga JV-07',$,$,#1591,#1581,$,$);
#1571=IFCCARTESIANPOINTLIST2D(((0.,0.),(3.,0.),(3.,0.199999999999999),(0.,0.199999999999999)));
#1572=IFCINDEXEDPOLYCURVE(#1571,(IFCLINEINDEX((1,2,3,4,1))),$);
#1573=IFCARBITRARYCLOSEDPROFILEDEF(.AREA.,$,#1572);
#1574=IFCCARTESIANPOINT((0.,0.,0.));
#1575=IFCDIRECTION((0.,0.,1.));
#1576=IFCDIRECTION((1.,0.,0.));
#1577=IFCAXIS2PLACEMENT3D(#1574,#1575,#1576);
#1578=IFCDIRECTION((0.,0.,1.));
#1579=IFCEXTRUDEDAREASOLID(#1573,#1577,#1578,0.3);
#1580=IFCSHAPEREPRESENTATION(#11,'Body','SweptSolid',(#1579));
#1581=IFCPRODUCTDEFINITIONSHAPE($,$,(#1580));
#1587=IFCCARTESIANPOINT((5.3,-11.25,2.9));
#1588=IFCDIRECTION((0.,0.,1.));
#1589=IFCDIRECTION((1.,0.,0.));
#1590=IFCAXIS2PLACEMENT3D(#1587,#1588,#1589);
#1591=IFCLOCALPLACEMENT($,#1590);
#1592=IFCPROPERTYSET('2sFIGNrwb7TufdzT0eYUOk',$,'Pset_Reconstrucao',$,(#1594,#1595));
#1593=IFCRELDEFINESBYPROPERTIES('1WYNAx2ID2S8u0ZNmk4vAj',$,$,$,(#1570),#1592);
#1594=IFCPROPERTYSINGLEVALUE('Fonte',$,IFCLABEL('cortes'),$);
#1595=IFCPROPERTYSINGLEVALUE('Status',$,IFCLABEL('C se\X2\00E700E3\X0\o 20x30'),$);
#1596=IFCWINDOW('2g1mxMO21ESxQ$f4RwQKYM',$,'JV-08 Suite 1 \X2\2014\X0\ sul',$,$,#1617,#1607,$,2.9,3.,$,$,$);
#1597=IFCCARTESIANPOINTLIST2D(((0.,0.),(3.,0.),(3.,0.100000000000001),(0.,0.100000000000001)));
#1598=IFCINDEXEDPOLYCURVE(#1597,(IFCLINEINDEX((1,2,3,4,1))),$);
#1599=IFCARBITRARYCLOSEDPROFILEDEF(.AREA.,$,#1598);
#1600=IFCCARTESIANPOINT((0.,0.,0.));
#1601=IFCDIRECTION((0.,0.,1.));
#1602=IFCDIRECTION((1.,0.,0.));
#1603=IFCAXIS2PLACEMENT3D(#1600,#1601,#1602);
#1604=IFCDIRECTION((0.,0.,1.));
#1605=IFCEXTRUDEDAREASOLID(#1599,#1603,#1604,2.9);
#1606=IFCSHAPEREPRESENTATION(#11,'Body','SweptSolid',(#1605));
#1607=IFCPRODUCTDEFINITIONSHAPE($,$,(#1606));
#1613=IFCCARTESIANPOINT((10.,-11.2,0.));
#1614=IFCDIRECTION((0.,0.,1.));
#1615=IFCDIRECTION((1.,0.,0.));
#1616=IFCAXIS2PLACEMENT3D(#1613,#1614,#1615);
#1617=IFCLOCALPLACEMENT($,#1616);
#1618=IFCPROPERTYSET('3psQAx6iz79hD$jrsFM4Np',$,'Pset_Reconstrucao',$,(#1620,#1621,#1622));
#1619=IFCRELDEFINESBYPROPERTIES('2qQM0Lcyv3nATvNyTSx1vx',$,$,$,(#1596),#1618);
#1620=IFCPROPERTYSINGLEVALUE('Fonte',$,IFCLABEL('PDF folhas 01/02/03'),$);
#1621=IFCPROPERTYSINGLEVALUE('Status',$,IFCLABEL('C 3,00 + X'),$);
#1622=IFCPROPERTYSINGLEVALUE('Folhas',$,IFCLABEL('2'),$);
#1623=IFCBEAM('3J5Xr9Tff5WfVatB8Eyp$W',$,'Verga JV-08',$,$,#1644,#1634,$,$);
#1624=IFCCARTESIANPOINTLIST2D(((0.,0.),(3.,0.),(3.,0.199999999999999),(0.,0.199999999999999)));
#1625=IFCINDEXEDPOLYCURVE(#1624,(IFCLINEINDEX((1,2,3,4,1))),$);
#1626=IFCARBITRARYCLOSEDPROFILEDEF(.AREA.,$,#1625);
#1627=IFCCARTESIANPOINT((0.,0.,0.));
#1628=IFCDIRECTION((0.,0.,1.));
#1629=IFCDIRECTION((1.,0.,0.));
#1630=IFCAXIS2PLACEMENT3D(#1627,#1628,#1629);
#1631=IFCDIRECTION((0.,0.,1.));
#1632=IFCEXTRUDEDAREASOLID(#1626,#1630,#1631,0.3);
#1633=IFCSHAPEREPRESENTATION(#11,'Body','SweptSolid',(#1632));
#1634=IFCPRODUCTDEFINITIONSHAPE($,$,(#1633));
#1640=IFCCARTESIANPOINT((10.,-11.25,2.9));
#1641=IFCDIRECTION((0.,0.,1.));
#1642=IFCDIRECTION((1.,0.,0.));
#1643=IFCAXIS2PLACEMENT3D(#1640,#1641,#1642);
#1644=IFCLOCALPLACEMENT($,#1643);
#1645=IFCPROPERTYSET('3IPzMDER58oQ3l99I3WoTK',$,'Pset_Reconstrucao',$,(#1647,#1648));
#1646=IFCRELDEFINESBYPROPERTIES('1zCmcATWj8RgSGnNcFgZ4h',$,$,$,(#1623),#1645);
#1647=IFCPROPERTYSINGLEVALUE('Fonte',$,IFCLABEL('cortes'),$);
#1648=IFCPROPERTYSINGLEVALUE('Status',$,IFCLABEL('C se\X2\00E700E3\X0\o 20x30'),$);
#1649=IFCWINDOW('1a5$rPYUz45v7g2UHGzUpY',$,'JV-09 Cozinha/garagem (fixo)',$,$,#1670,#1660,$,2.9,1.05,$,$,$);
#1650=IFCCARTESIANPOINTLIST2D(((0.,0.),(0.100000000000001,0.),(0.100000000000001,1.05),(0.,1.05)));
#1651=IFCINDEXEDPOLYCURVE(#1650,(IFCLINEINDEX((1,2,3,4,1))),$);
#1652=IFCARBITRARYCLOSEDPROFILEDEF(.AREA.,$,#1651);
#1653=IFCCARTESIANPOINT((0.,0.,0.));
#1654=IFCDIRECTION((0.,0.,1.));
#1655=IFCDIRECTION((1.,0.,0.));
#1656=IFCAXIS2PLACEMENT3D(#1653,#1654,#1655);
#1657=IFCDIRECTION((0.,0.,1.));
#1658=IFCEXTRUDEDAREASOLID(#1652,#1656,#1657,2.9);
#1659=IFCSHAPEREPRESENTATION(#11,'Body','SweptSolid',(#1658));
#1660=IFCPRODUCTDEFINITIONSHAPE($,$,(#1659));
#1666=IFCCARTESIANPOINT((8.35,-1.15,0.));
#1667=IFCDIRECTION((0.,0.,1.));
#1668=IFCDIRECTION((1.,0.,0.));
#1669=IFCAXIS2PLACEMENT3D(#1666,#1667,#1668);
#1670=IFCLOCALPLACEMENT($,#1669);
#1671=IFCPROPERTYSET('31gmEMowXE4gOrRuhicDjO',$,'Pset_Reconstrucao',$,(#1673,#1674,#1675));
#1672=IFCRELDEFINESBYPROPERTIES('0XjfuTF$jAreWUipfAOADC',$,$,$,(#1649),#1671);
#1673=IFCPROPERTYSINGLEVALUE('Fonte',$,IFCLABEL('PDF folhas 01/02/03'),$);
#1674=IFCPROPERTYSINGLEVALUE('Status',$,IFCLABEL('G planta + X fachada frontal'),$);
#1675=IFCPROPERTYSINGLEVALUE('Folhas',$,IFCLABEL('1'),$);
#1676=IFCBEAM('2iGAvq0QL7EA4bTnBiLxvW',$,'Verga JV-09',$,$,#1697,#1687,$,$);
#1677=IFCCARTESIANPOINTLIST2D(((0.,0.),(0.199999999999999,0.),(0.199999999999999,1.05),(0.,1.05)));
#1678=IFCINDEXEDPOLYCURVE(#1677,(IFCLINEINDEX((1,2,3,4,1))),$);
#1679=IFCARBITRARYCLOSEDPROFILEDEF(.AREA.,$,#1678);
#1680=IFCCARTESIANPOINT((0.,0.,0.));
#1681=IFCDIRECTION((0.,0.,1.));
#1682=IFCDIRECTION((1.,0.,0.));
#1683=IFCAXIS2PLACEMENT3D(#1680,#1681,#1682);
#1684=IFCDIRECTION((0.,0.,1.));
#1685=IFCEXTRUDEDAREASOLID(#1679,#1683,#1684,0.3);
#1686=IFCSHAPEREPRESENTATION(#11,'Body','SweptSolid',(#1685));
#1687=IFCPRODUCTDEFINITIONSHAPE($,$,(#1686));
#1693=IFCCARTESIANPOINT((8.3,-1.15,2.9));
#1694=IFCDIRECTION((0.,0.,1.));
#1695=IFCDIRECTION((1.,0.,0.));
#1696=IFCAXIS2PLACEMENT3D(#1693,#1694,#1695);
#1697=IFCLOCALPLACEMENT($,#1696);
#1698=IFCPROPERTYSET('34wIkKLBr1qRiwZQ3Be6jN',$,'Pset_Reconstrucao',$,(#1700,#1701));
#1699=IFCRELDEFINESBYPROPERTIES('3ItfnMNpL4Nx0uGRTNme4H',$,$,$,(#1676),#1698);
#1700=IFCPROPERTYSINGLEVALUE('Fonte',$,IFCLABEL('cortes'),$);
#1701=IFCPROPERTYSINGLEVALUE('Status',$,IFCLABEL('C se\X2\00E700E3\X0\o 20x30'),$);
#1702=IFCSLAB('34$K3EXOL0J8zN7$3fkO$j',$,'Laje maci\X2\00E7\X0\a de cobertura',$,$,#1723,#1713,$,.ROOF.);
#1703=IFCCARTESIANPOINTLIST2D(((0.,0.),(15.35,0.),(15.35,13.1),(0.,13.1)));
#1704=IFCINDEXEDPOLYCURVE(#1703,(IFCLINEINDEX((1,2,3,4,1))),$);
#1705=IFCARBITRARYCLOSEDPROFILEDEF(.AREA.,$,#1704);
#1706=IFCCARTESIANPOINT((0.,0.,0.));
#1707=IFCDIRECTION((0.,0.,1.));
#1708=IFCDIRECTION((1.,0.,0.));
#1709=IFCAXIS2PLACEMENT3D(#1706,#1707,#1708);
#1710=IFCDIRECTION((0.,0.,1.));
#1711=IFCEXTRUDEDAREASOLID(#1705,#1709,#1710,0.2);
#1712=IFCSHAPEREPRESENTATION(#11,'Body','SweptSolid',(#1711));
#1713=IFCPRODUCTDEFINITIONSHAPE($,$,(#1712));
#1719=IFCCARTESIANPOINT((-1.125,-12.05,3.2));
#1720=IFCDIRECTION((0.,0.,1.));
#1721=IFCDIRECTION((1.,0.,0.));
#1722=IFCAXIS2PLACEMENT3D(#1719,#1720,#1721);
#1723=IFCLOCALPLACEMENT($,#1722);
#1724=IFCPROPERTYSET('3__AY2SZH43gxJU3YIodOW',$,'Pset_Reconstrucao',$,(#1726,#1727,#1728));
#1725=IFCRELDEFINESBYPROPERTIES('1J2mEtsTr5$urEi9uuZQVC',$,$,$,(#1702),#1724);
#1726=IFCPROPERTYSINGLEVALUE('Fonte',$,IFCLABEL('PDF folhas 03/05'),$);
#1727=IFCPROPERTYSINGLEVALUE('Status',$,IFCLABEL('C (15,35 x 13,10) + G (posi\X2\00E700E3\X0\o: beiral ~1,0 m em todos os lados, medido em p\X2\00E1\X0\g. 2 e 24)'),$);
#1728=IFCPROPERTYSINGLEVALUE('Caimento',$,IFCLABEL('1% para as quatro bordas \X2\2014\X0\ H (inclina\X2\00E700E3\X0\o n\X2\00E3\X0\o cotada)'),$);
#1729=IFCSLAB('3Eu_09OyjAyQNZUCEvZllz',$,'Laje de piso (contrapiso)',$,$,#1750,#1740,$,.FLOOR.);
#1730=IFCCARTESIANPOINTLIST2D(((0.,0.),(13.3,0.),(13.3,11.35),(0.,11.35)));
#1731=IFCINDEXEDPOLYCURVE(#1730,(IFCLINEINDEX((1,2,3,4,1))),$);
#1732=IFCARBITRARYCLOSEDPROFILEDEF(.AREA.,$,#1731);
#1733=IFCCARTESIANPOINT((0.,0.,0.));
#1734=IFCDIRECTION((0.,0.,1.));
#1735=IFCDIRECTION((1.,0.,0.));
#1736=IFCAXIS2PLACEMENT3D(#1733,#1734,#1735);
#1737=IFCDIRECTION((0.,0.,1.));
#1738=IFCEXTRUDEDAREASOLID(#1732,#1736,#1737,0.1);
#1739=IFCSHAPEREPRESENTATION(#11,'Body','SweptSolid',(#1738));
#1740=IFCPRODUCTDEFINITIONSHAPE($,$,(#1739));
#1746=IFCCARTESIANPOINT((-0.1,-11.25,-0.12));
#1747=IFCDIRECTION((0.,0.,1.));
#1748=IFCDIRECTION((1.,0.,0.));
#1749=IFCAXIS2PLACEMENT3D(#1746,#1747,#1748);
#1750=IFCLOCALPLACEMENT($,#1749);
#1751=IFCPROPERTYSET('2acoiAk2L3xefc74I2rnAm',$,'Pset_Reconstrucao',$,(#1753,#1754));
#1752=IFCRELDEFINESBYPROPERTIES('2C_1PcCJTAaxBzf4$_zKpk',$,$,$,(#1729),#1751);
#1753=IFCPROPERTYSINGLEVALUE('Fonte',$,IFCLABEL('cortes'),$);
#1754=IFCPROPERTYSINGLEVALUE('Status',$,IFCLABEL('H espessura'),$);
#1755=IFCCOLUMN('1KeLIouHnExw7x0biUNCGw',$,'P_A1',$,$,#1776,#1766,$,$);
#1756=IFCCARTESIANPOINTLIST2D(((0.,0.),(0.2,0.),(0.2,0.4),(0.,0.4)));
#1757=IFCINDEXEDPOLYCURVE(#1756,(IFCLINEINDEX((1,2,3,4,1))),$);
#1758=IFCARBITRARYCLOSEDPROFILEDEF(.AREA.,$,#1757);
#1759=IFCCARTESIANPOINT((0.,0.,0.));
#1760=IFCDIRECTION((0.,0.,1.));
#1761=IFCDIRECTION((1.,0.,0.));
#1762=IFCAXIS2PLACEMENT3D(#1759,#1760,#1761);
#1763=IFCDIRECTION((0.,0.,1.));
#1764=IFCEXTRUDEDAREASOLID(#1758,#1762,#1763,3.2);
#1765=IFCSHAPEREPRESENTATION(#11,'Body','SweptSolid',(#1764));
#1766=IFCPRODUCTDEFINITIONSHAPE($,$,(#1765));
#1772=IFCCARTESIANPOINT((-0.1,-0.2,0.));
#1773=IFCDIRECTION((0.,0.,1.));
#1774=IFCDIRECTION((1.,0.,0.));
#1775=IFCAXIS2PLACEMENT3D(#1772,#1773,#1774);
#1776=IFCLOCALPLACEMENT($,#1775);
#1777=IFCPROPERTYSET('1JMAbDpqD62ONPs_cXISPh',$,'Pset_Reconstrucao',$,(#1779,#1780));
#1778=IFCRELDEFINESBYPROPERTIES('1RF47p5Xf0RenvwdHAED9z',$,$,$,(#1755),#1777);
#1779=IFCPROPERTYSINGLEVALUE('Fonte',$,IFCLABEL('PDF folha 01 (funda\X2\00E700E3\X0\o)'),$);
#1780=IFCPROPERTYSINGLEVALUE('Status',$,IFCLABEL('C'),$);
#1781=IFCCOLUMN('09$Q2uE2f6oe2yIpFPanpX',$,'P_A2',$,$,#1802,#1792,$,$);
#1782=IFCCARTESIANPOINTLIST2D(((0.,0.),(0.4,0.),(0.4,0.2),(0.,0.2)));
#1783=IFCINDEXEDPOLYCURVE(#1782,(IFCLINEINDEX((1,2,3,4,1))),$);
#1784=IFCARBITRARYCLOSEDPROFILEDEF(.AREA.,$,#1783);
#1785=IFCCARTESIANPOINT((0.,0.,0.));
#1786=IFCDIRECTION((0.,0.,1.));
#1787=IFCDIRECTION((1.,0.,0.));
#1788=IFCAXIS2PLACEMENT3D(#1785,#1786,#1787);
#1789=IFCDIRECTION((0.,0.,1.));
#1790=IFCEXTRUDEDAREASOLID(#1784,#1788,#1789,3.2);
#1791=IFCSHAPEREPRESENTATION(#11,'Body','SweptSolid',(#1790));
#1792=IFCPRODUCTDEFINITIONSHAPE($,$,(#1791));
#1798=IFCCARTESIANPOINT((5.,-0.1,0.));
#1799=IFCDIRECTION((0.,0.,1.));
#1800=IFCDIRECTION((1.,0.,0.));
#1801=IFCAXIS2PLACEMENT3D(#1798,#1799,#1800);
#1802=IFCLOCALPLACEMENT($,#1801);
#1803=IFCPROPERTYSET('3ED_BY9lz5v8td2Rt5SM03',$,'Pset_Reconstrucao',$,(#1805,#1806));
#1804=IFCRELDEFINESBYPROPERTIES('2I0xDdX7H5bOQcOr8tN5Lm',$,$,$,(#1781),#1803);
#1805=IFCPROPERTYSINGLEVALUE('Fonte',$,IFCLABEL('PDF folha 01 (funda\X2\00E700E3\X0\o)'),$);
#1806=IFCPROPERTYSINGLEVALUE('Status',$,IFCLABEL('C'),$);
#1807=IFCCOLUMN('3WM6cisub5WhcD6PfalT9k',$,'P_A3',$,$,#1828,#1818,$,$);
#1808=IFCCARTESIANPOINTLIST2D(((0.,0.),(0.199999999999999,0.),(0.199999999999999,0.2),(0.,0.2)));
#1809=IFCINDEXEDPOLYCURVE(#1808,(IFCLINEINDEX((1,2,3,4,1))),$);
#1810=IFCARBITRARYCLOSEDPROFILEDEF(.AREA.,$,#1809);
#1811=IFCCARTESIANPOINT((0.,0.,0.));
#1812=IFCDIRECTION((0.,0.,1.));
#1813=IFCDIRECTION((1.,0.,0.));
#1814=IFCAXIS2PLACEMENT3D(#1811,#1812,#1813);
#1815=IFCDIRECTION((0.,0.,1.));
#1816=IFCEXTRUDEDAREASOLID(#1810,#1814,#1815,3.2);
#1817=IFCSHAPEREPRESENTATION(#11,'Body','SweptSolid',(#1816));
#1818=IFCPRODUCTDEFINITIONSHAPE($,$,(#1817));
#1824=IFCCARTESIANPOINT((8.3,-0.1,0.));
#1825=IFCDIRECTION((0.,0.,1.));
#1826=IFCDIRECTION((1.,0.,0.));
#1827=IFCAXIS2PLACEMENT3D(#1824,#1825,#1826);
#1828=IFCLOCALPLACEMENT($,#1827);
#1829=IFCPROPERTYSET('33dsCz_fHBfALdoC35AVHt',$,'Pset_Reconstrucao',$,(#1831,#1832));
#1830=IFCRELDEFINESBYPROPERTIES('0Z1gqfONfAfwISqzFE$2Dm',$,$,$,(#1807),#1829);
#1831=IFCPROPERTYSINGLEVALUE('Fonte',$,IFCLABEL('PDF folha 01 (funda\X2\00E700E3\X0\o)'),$);
#1832=IFCPROPERTYSINGLEVALUE('Status',$,IFCLABEL('C'),$);
#1833=IFCCOLUMN('1gKvHOaYTF_BompsTVfSxT',$,'P_A7',$,$,#1854,#1844,$,$);
#1834=IFCCARTESIANPOINTLIST2D(((0.,0.),(0.399999999999999,0.),(0.399999999999999,0.2),(0.,0.2)));
#1835=IFCINDEXEDPOLYCURVE(#1834,(IFCLINEINDEX((1,2,3,4,1))),$);
#1836=IFCARBITRARYCLOSEDPROFILEDEF(.AREA.,$,#1835);
#1837=IFCCARTESIANPOINT((0.,0.,0.));
#1838=IFCDIRECTION((0.,0.,1.));
#1839=IFCDIRECTION((1.,0.,0.));
#1840=IFCAXIS2PLACEMENT3D(#1837,#1838,#1839);
#1841=IFCDIRECTION((0.,0.,1.));
#1842=IFCEXTRUDEDAREASOLID(#1836,#1840,#1841,3.2);
#1843=IFCSHAPEREPRESENTATION(#11,'Body','SweptSolid',(#1842));
#1844=IFCPRODUCTDEFINITIONSHAPE($,$,(#1843));
#1850=IFCCARTESIANPOINT((12.8,-0.1,0.));
#1851=IFCDIRECTION((0.,0.,1.));
#1852=IFCDIRECTION((1.,0.,0.));
#1853=IFCAXIS2PLACEMENT3D(#1850,#1851,#1852);
#1854=IFCLOCALPLACEMENT($,#1853);
#1855=IFCPROPERTYSET('3Av5ImHDL7T8cnTnn5pANV',$,'Pset_Reconstrucao',$,(#1857,#1858));
#1856=IFCRELDEFINESBYPROPERTIES('2WpexaZQn5iwliXDQzLkxD',$,$,$,(#1833),#1855);
#1857=IFCPROPERTYSINGLEVALUE('Fonte',$,IFCLABEL('PDF folha 01 (funda\X2\00E700E3\X0\o)'),$);
#1858=IFCPROPERTYSINGLEVALUE('Status',$,IFCLABEL('C'),$);
#1859=IFCCOLUMN('3aqCNSTHP3p9RLDwp0F4oF',$,'P_C1',$,$,#1880,#1870,$,$);
#1860=IFCCARTESIANPOINTLIST2D(((0.,0.),(0.2,0.),(0.2,0.4),(0.,0.4)));
#1861=IFCINDEXEDPOLYCURVE(#1860,(IFCLINEINDEX((1,2,3,4,1))),$);
#1862=IFCARBITRARYCLOSEDPROFILEDEF(.AREA.,$,#1861);
#1863=IFCCARTESIANPOINT((0.,0.,0.));
#1864=IFCDIRECTION((0.,0.,1.));
#1865=IFCDIRECTION((1.,0.,0.));
#1866=IFCAXIS2PLACEMENT3D(#1863,#1864,#1865);
#1867=IFCDIRECTION((0.,0.,1.));
#1868=IFCEXTRUDEDAREASOLID(#1862,#1866,#1867,3.2);
#1869=IFCSHAPEREPRESENTATION(#11,'Body','SweptSolid',(#1868));
#1870=IFCPRODUCTDEFINITIONSHAPE($,$,(#1869));
#1876=IFCCARTESIANPOINT((-0.1,-5.05,0.));
#1877=IFCDIRECTION((0.,0.,1.));
#1878=IFCDIRECTION((1.,0.,0.));
#1879=IFCAXIS2PLACEMENT3D(#1876,#1877,#1878);
#1880=IFCLOCALPLACEMENT($,#1879);
#1881=IFCPROPERTYSET('3p7LKTsf1FexfJAqS$M6kS',$,'Pset_Reconstrucao',$,(#1883,#1884));
#1882=IFCRELDEFINESBYPROPERTIES('1iq$2I9vjERgHXQL4T7Q3u',$,$,$,(#1859),#1881);
#1883=IFCPROPERTYSINGLEVALUE('Fonte',$,IFCLABEL('PDF folha 01 (funda\X2\00E700E3\X0\o)'),$);
#1884=IFCPROPERTYSINGLEVALUE('Status',$,IFCLABEL('C'),$);
#1885=IFCCOLUMN('2sl_KAk995eP$WiDCvaChv',$,'P_E1',$,$,#1906,#1896,$,$);
#1886=IFCCARTESIANPOINTLIST2D(((0.,0.),(0.2,0.),(0.2,0.199999999999999),(0.,0.199999999999999)));
#1887=IFCINDEXEDPOLYCURVE(#1886,(IFCLINEINDEX((1,2,3,4,1))),$);
#1888=IFCARBITRARYCLOSEDPROFILEDEF(.AREA.,$,#1887);
#1889=IFCCARTESIANPOINT((0.,0.,0.));
#1890=IFCDIRECTION((0.,0.,1.));
#1891=IFCDIRECTION((1.,0.,0.));
#1892=IFCAXIS2PLACEMENT3D(#1889,#1890,#1891);
#1893=IFCDIRECTION((0.,0.,1.));
#1894=IFCEXTRUDEDAREASOLID(#1888,#1892,#1893,3.2);
#1895=IFCSHAPEREPRESENTATION(#11,'Body','SweptSolid',(#1894));
#1896=IFCPRODUCTDEFINITIONSHAPE($,$,(#1895));
#1902=IFCCARTESIANPOINT((-0.1,-10.,0.));
#1903=IFCDIRECTION((0.,0.,1.));
#1904=IFCDIRECTION((1.,0.,0.));
#1905=IFCAXIS2PLACEMENT3D(#1902,#1903,#1904);
#1906=IFCLOCALPLACEMENT($,#1905);
#1907=IFCPROPERTYSET('36qwVl0CzAfQNbU2RRLwB8',$,'Pset_Reconstrucao',$,(#1909,#1910));
#1908=IFCRELDEFINESBYPROPERTIES('2rRM4x5qj1CO02f_egjJeq',$,$,$,(#1885),#1907);
#1909=IFCPROPERTYSINGLEVALUE('Fonte',$,IFCLABEL('PDF folha 01 (funda\X2\00E700E3\X0\o)'),$);
#1910=IFCPROPERTYSINGLEVALUE('Status',$,IFCLABEL('C'),$);
#1911=IFCCOLUMN('1nsZsQf1r0lQnD982WWgnU',$,'P_E2',$,$,#1932,#1922,$,$);
#1912=IFCCARTESIANPOINTLIST2D(((0.,0.),(0.199999999999999,0.),(0.199999999999999,0.199999999999999),(0.,0.199999999999999)));
#1913=IFCINDEXEDPOLYCURVE(#1912,(IFCLINEINDEX((1,2,3,4,1))),$);
#1914=IFCARBITRARYCLOSEDPROFILEDEF(.AREA.,$,#1913);
#1915=IFCCARTESIANPOINT((0.,0.,0.));
#1916=IFCDIRECTION((0.,0.,1.));
#1917=IFCDIRECTION((1.,0.,0.));
#1918=IFCAXIS2PLACEMENT3D(#1915,#1916,#1917);
#1919=IFCDIRECTION((0.,0.,1.));
#1920=IFCEXTRUDEDAREASOLID(#1914,#1918,#1919,3.2);
#1921=IFCSHAPEREPRESENTATION(#11,'Body','SweptSolid',(#1920));
#1922=IFCPRODUCTDEFINITIONSHAPE($,$,(#1921));
#1928=IFCCARTESIANPOINT((5.1,-10.,0.));
#1929=IFCDIRECTION((0.,0.,1.));
#1930=IFCDIRECTION((1.,0.,0.));
#1931=IFCAXIS2PLACEMENT3D(#1928,#1929,#1930);
#1932=IFCLOCALPLACEMENT($,#1931);
#1933=IFCPROPERTYSET('0ZfOu31IT5Mw0dh5tJelc3',$,'Pset_Reconstrucao',$,(#1935,#1936));
#1934=IFCRELDEFINESBYPROPERTIES('0t6NaKLmfFofdeqRBN_HtS',$,$,$,(#1911),#1933);
#1935=IFCPROPERTYSINGLEVALUE('Fonte',$,IFCLABEL('PDF folha 01 (funda\X2\00E700E3\X0\o)'),$);
#1936=IFCPROPERTYSINGLEVALUE('Status',$,IFCLABEL('C'),$);
#1937=IFCCOLUMN('3yQzrpnw9Bo9a5Yx_zJj1h',$,'P_B3',$,$,#1958,#1948,$,$);
#1938=IFCCARTESIANPOINTLIST2D(((0.,0.),(0.4,0.),(0.4,0.199999999999999),(0.,0.199999999999999)));
#1939=IFCINDEXEDPOLYCURVE(#1938,(IFCLINEINDEX((1,2,3,4,1))),$);
#1940=IFCARBITRARYCLOSEDPROFILEDEF(.AREA.,$,#1939);
#1941=IFCCARTESIANPOINT((0.,0.,0.));
#1942=IFCDIRECTION((0.,0.,1.));
#1943=IFCDIRECTION((1.,0.,0.));
#1944=IFCAXIS2PLACEMENT3D(#1941,#1942,#1943);
#1945=IFCDIRECTION((0.,0.,1.));
#1946=IFCEXTRUDEDAREASOLID(#1940,#1944,#1945,3.2);
#1947=IFCSHAPEREPRESENTATION(#11,'Body','SweptSolid',(#1946));
#1948=IFCPRODUCTDEFINITIONSHAPE($,$,(#1947));
#1954=IFCCARTESIANPOINT((5.8,-4.85,0.));
#1955=IFCDIRECTION((0.,0.,1.));
#1956=IFCDIRECTION((1.,0.,0.));
#1957=IFCAXIS2PLACEMENT3D(#1954,#1955,#1956);
#1958=IFCLOCALPLACEMENT($,#1957);
#1959=IFCPROPERTYSET('2rrygHq89C4R8q3P8WpxGZ',$,'Pset_Reconstrucao',$,(#1961,#1962));
#1960=IFCRELDEFINESBYPROPERTIES('3rtk2lV410ewZxt$O2Qghi',$,$,$,(#1937),#1959);
#1961=IFCPROPERTYSINGLEVALUE('Fonte',$,IFCLABEL('PDF folha 01 (funda\X2\00E700E3\X0\o)'),$);
#1962=IFCPROPERTYSINGLEVALUE('Status',$,IFCLABEL('C'),$);
#1963=IFCCOLUMN('0Ywsl8exnCVRjkQo7BGXab',$,'P_B5',$,$,#1984,#1974,$,$);
#1964=IFCCARTESIANPOINTLIST2D(((0.,0.),(0.399999999999999,0.),(0.399999999999999,0.199999999999999),(0.,0.199999999999999)));
#1965=IFCINDEXEDPOLYCURVE(#1964,(IFCLINEINDEX((1,2,3,4,1))),$);
#1966=IFCARBITRARYCLOSEDPROFILEDEF(.AREA.,$,#1965);
#1967=IFCCARTESIANPOINT((0.,0.,0.));
#1968=IFCDIRECTION((0.,0.,1.));
#1969=IFCDIRECTION((1.,0.,0.));
#1970=IFCAXIS2PLACEMENT3D(#1967,#1968,#1969);
#1971=IFCDIRECTION((0.,0.,1.));
#1972=IFCEXTRUDEDAREASOLID(#1966,#1970,#1971,3.2);
#1973=IFCSHAPEREPRESENTATION(#11,'Body','SweptSolid',(#1972));
#1974=IFCPRODUCTDEFINITIONSHAPE($,$,(#1973));
#1980=IFCCARTESIANPOINT((9.6,-4.85,0.));
#1981=IFCDIRECTION((0.,0.,1.));
#1982=IFCDIRECTION((1.,0.,0.));
#1983=IFCAXIS2PLACEMENT3D(#1980,#1981,#1982);
#1984=IFCLOCALPLACEMENT($,#1983);
#1985=IFCPROPERTYSET('29wQaVwGjBwfrPoaujvIx9',$,'Pset_Reconstrucao',$,(#1987,#1988));
#1986=IFCRELDEFINESBYPROPERTIES('1jCBYr4tH7bx7EM4wg8ci8',$,$,$,(#1963),#1985);
#1987=IFCPROPERTYSINGLEVALUE('Fonte',$,IFCLABEL('PDF folha 01 (funda\X2\00E700E3\X0\o)'),$);
#1988=IFCPROPERTYSINGLEVALUE('Status',$,IFCLABEL('C'),$);
#1989=IFCCOLUMN('3icvPBNQ5CSR98QPVfMHMh',$,'P_B7',$,$,#2010,#2000,$,$);
#1990=IFCCARTESIANPOINTLIST2D(((0.,0.),(0.199999999999999,0.),(0.199999999999999,0.199999999999999),(0.,0.199999999999999)));
#1991=IFCINDEXEDPOLYCURVE(#1990,(IFCLINEINDEX((1,2,3,4,1))),$);
#1992=IFCARBITRARYCLOSEDPROFILEDEF(.AREA.,$,#1991);
#1993=IFCCARTESIANPOINT((0.,0.,0.));
#1994=IFCDIRECTION((0.,0.,1.));
#1995=IFCDIRECTION((1.,0.,0.));
#1996=IFCAXIS2PLACEMENT3D(#1993,#1994,#1995);
#1997=IFCDIRECTION((0.,0.,1.));
#1998=IFCEXTRUDEDAREASOLID(#1992,#1996,#1997,3.2);
#1999=IFCSHAPEREPRESENTATION(#11,'Body','SweptSolid',(#1998));
#2000=IFCPRODUCTDEFINITIONSHAPE($,$,(#1999));
#2006=IFCCARTESIANPOINT((13.,-4.85,0.));
#2007=IFCDIRECTION((0.,0.,1.));
#2008=IFCDIRECTION((1.,0.,0.));
#2009=IFCAXIS2PLACEMENT3D(#2006,#2007,#2008);
#2010=IFCLOCALPLACEMENT($,#2009);
#2011=IFCPROPERTYSET('0RDMz133nFZQW2hx4$Ih6L',$,'Pset_Reconstrucao',$,(#2013,#2014));
#2012=IFCRELDEFINESBYPROPERTIES('3TeDnrann0LwPuHlx71yEz',$,$,$,(#1989),#2011);
#2013=IFCPROPERTYSINGLEVALUE('Fonte',$,IFCLABEL('PDF folha 01 (funda\X2\00E700E3\X0\o)'),$);
#2014=IFCPROPERTYSINGLEVALUE('Status',$,IFCLABEL('C'),$);
#2015=IFCCOLUMN('0ZaznXPhD4mxLftEoWProM',$,'P_D2',$,$,#2036,#2026,$,$);
#2016=IFCCARTESIANPOINTLIST2D(((0.,0.),(0.199999999999999,0.),(0.199999999999999,0.4),(0.,0.4)));
#2017=IFCINDEXEDPOLYCURVE(#2016,(IFCLINEINDEX((1,2,3,4,1))),$);
#2018=IFCARBITRARYCLOSEDPROFILEDEF(.AREA.,$,#2017);
#2019=IFCCARTESIANPOINT((0.,0.,0.));
#2020=IFCDIRECTION((0.,0.,1.));
#2021=IFCDIRECTION((1.,0.,0.));
#2022=IFCAXIS2PLACEMENT3D(#2019,#2020,#2021);
#2023=IFCDIRECTION((0.,0.,1.));
#2024=IFCEXTRUDEDAREASOLID(#2018,#2022,#2023,3.2);
#2025=IFCSHAPEREPRESENTATION(#11,'Body','SweptSolid',(#2024));
#2026=IFCPRODUCTDEFINITIONSHAPE($,$,(#2025));
#2032=IFCCARTESIANPOINT((5.1,-6.15,0.));
#2033=IFCDIRECTION((0.,0.,1.));
#2034=IFCDIRECTION((1.,0.,0.));
#2035=IFCAXIS2PLACEMENT3D(#2032,#2033,#2034);
#2036=IFCLOCALPLACEMENT($,#2035);
#2037=IFCPROPERTYSET('1yAvpHYH97XPxmJfloeoG4',$,'Pset_Reconstrucao',$,(#2039,#2040));
#2038=IFCRELDEFINESBYPROPERTIES('04rMWow6f7SvjE$t3yl9NG',$,$,$,(#2015),#2037);
#2039=IFCPROPERTYSINGLEVALUE('Fonte',$,IFCLABEL('PDF folha 01 (funda\X2\00E700E3\X0\o)'),$);
#2040=IFCPROPERTYSINGLEVALUE('Status',$,IFCLABEL('C'),$);
#2041=IFCCOLUMN('3pMacMTIfCfBrwrfLWX1RE',$,'P_D3',$,$,#2062,#2052,$,$);
#2042=IFCCARTESIANPOINTLIST2D(((0.,0.),(0.199999999999999,0.),(0.199999999999999,0.199999999999999),(0.,0.199999999999999)));
#2043=IFCINDEXEDPOLYCURVE(#2042,(IFCLINEINDEX((1,2,3,4,1))),$);
#2044=IFCARBITRARYCLOSEDPROFILEDEF(.AREA.,$,#2043);
#2045=IFCCARTESIANPOINT((0.,0.,0.));
#2046=IFCDIRECTION((0.,0.,1.));
#2047=IFCDIRECTION((1.,0.,0.));
#2048=IFCAXIS2PLACEMENT3D(#2045,#2046,#2047);
#2049=IFCDIRECTION((0.,0.,1.));
#2050=IFCEXTRUDEDAREASOLID(#2044,#2048,#2049,3.2);
#2051=IFCSHAPEREPRESENTATION(#11,'Body','SweptSolid',(#2050));
#2052=IFCPRODUCTDEFINITIONSHAPE($,$,(#2051));
#2058=IFCCARTESIANPOINT((8.3,-6.05,0.));
#2059=IFCDIRECTION((0.,0.,1.));
#2060=IFCDIRECTION((1.,0.,0.));
#2061=IFCAXIS2PLACEMENT3D(#2058,#2059,#2060);
#2062=IFCLOCALPLACEMENT($,#2061);
#2063=IFCPROPERTYSET('39mZeeicL6lfVUQP7V42j0',$,'Pset_Reconstrucao',$,(#2065,#2066));
#2064=IFCRELDEFINESBYPROPERTIES('2QMrwRsmD1HR6WovnEX_oS',$,$,$,(#2041),#2063);
#2065=IFCPROPERTYSINGLEVALUE('Fonte',$,IFCLABEL('PDF folha 01 (funda\X2\00E700E3\X0\o)'),$);
#2066=IFCPROPERTYSINGLEVALUE('Status',$,IFCLABEL('C'),$);
#2067=IFCCOLUMN('2KXxS4yd503gzegXkImGgg',$,'P_D6',$,$,#2088,#2078,$,$);
#2068=IFCCARTESIANPOINTLIST2D(((0.,0.),(0.199999999999999,0.),(0.199999999999999,0.199999999999999),(0.,0.199999999999999)));
#2069=IFCINDEXEDPOLYCURVE(#2068,(IFCLINEINDEX((1,2,3,4,1))),$);
#2070=IFCARBITRARYCLOSEDPROFILEDEF(.AREA.,$,#2069);
#2071=IFCCARTESIANPOINT((0.,0.,0.));
#2072=IFCDIRECTION((0.,0.,1.));
#2073=IFCDIRECTION((1.,0.,0.));
#2074=IFCAXIS2PLACEMENT3D(#2071,#2072,#2073);
#2075=IFCDIRECTION((0.,0.,1.));
#2076=IFCEXTRUDEDAREASOLID(#2070,#2074,#2075,3.2);
#2077=IFCSHAPEREPRESENTATION(#11,'Body','SweptSolid',(#2076));
#2078=IFCPRODUCTDEFINITIONSHAPE($,$,(#2077));
#2084=IFCCARTESIANPOINT((9.8,-6.05,0.));
#2085=IFCDIRECTION((0.,0.,1.));
#2086=IFCDIRECTION((1.,0.,0.));
#2087=IFCAXIS2PLACEMENT3D(#2084,#2085,#2086);
#2088=IFCLOCALPLACEMENT($,#2087);
#2089=IFCPROPERTYSET('1cl9V7CRj6OhDBIYwp73R3',$,'Pset_Reconstrucao',$,(#2091,#2092));
#2090=IFCRELDEFINESBYPROPERTIES('2H5mnIt5fBBwjZRlYr8XXV',$,$,$,(#2067),#2089);
#2091=IFCPROPERTYSINGLEVALUE('Fonte',$,IFCLABEL('PDF folha 01 (funda\X2\00E700E3\X0\o)'),$);
#2092=IFCPROPERTYSINGLEVALUE('Status',$,IFCLABEL('C'),$);
#2093=IFCCOLUMN('0swT0tCQn2dv4mn5riPH$2',$,'P_D7',$,$,#2114,#2104,$,$);
#2094=IFCCARTESIANPOINTLIST2D(((0.,0.),(0.199999999999999,0.),(0.199999999999999,0.4),(0.,0.4)));
#2095=IFCINDEXEDPOLYCURVE(#2094,(IFCLINEINDEX((1,2,3,4,1))),$);
#2096=IFCARBITRARYCLOSEDPROFILEDEF(.AREA.,$,#2095);
#2097=IFCCARTESIANPOINT((0.,0.,0.));
#2098=IFCDIRECTION((0.,0.,1.));
#2099=IFCDIRECTION((1.,0.,0.));
#2100=IFCAXIS2PLACEMENT3D(#2097,#2098,#2099);
#2101=IFCDIRECTION((0.,0.,1.));
#2102=IFCEXTRUDEDAREASOLID(#2096,#2100,#2101,3.2);
#2103=IFCSHAPEREPRESENTATION(#11,'Body','SweptSolid',(#2102));
#2104=IFCPRODUCTDEFINITIONSHAPE($,$,(#2103));
#2110=IFCCARTESIANPOINT((13.,-6.15,0.));
#2111=IFCDIRECTION((0.,0.,1.));
#2112=IFCDIRECTION((1.,0.,0.));
#2113=IFCAXIS2PLACEMENT3D(#2110,#2111,#2112);
#2114=IFCLOCALPLACEMENT($,#2113);
#2115=IFCPROPERTYSET('2bADzd5GP3n9ZPhz0LJtOz',$,'Pset_Reconstrucao',$,(#2117,#2118));
#2116=IFCRELDEFINESBYPROPERTIES('2p2v7E6iHE_uboVeSt2dC5',$,$,$,(#2093),#2115);
#2117=IFCPROPERTYSINGLEVALUE('Fonte',$,IFCLABEL('PDF folha 01 (funda\X2\00E700E3\X0\o)'),$);
#2118=IFCPROPERTYSINGLEVALUE('Status',$,IFCLABEL('C'),$);
#2119=IFCCOLUMN('1Qf37cX6H7j9UDhtsfkrlj',$,'P_F2',$,$,#2140,#2130,$,$);
#2120=IFCCARTESIANPOINTLIST2D(((0.,0.),(0.199999999999999,0.),(0.199999999999999,0.199999999999999),(0.,0.199999999999999)));
#2121=IFCINDEXEDPOLYCURVE(#2120,(IFCLINEINDEX((1,2,3,4,1))),$);
#2122=IFCARBITRARYCLOSEDPROFILEDEF(.AREA.,$,#2121);
#2123=IFCCARTESIANPOINT((0.,0.,0.));
#2124=IFCDIRECTION((0.,0.,1.));
#2125=IFCDIRECTION((1.,0.,0.));
#2126=IFCAXIS2PLACEMENT3D(#2123,#2124,#2125);
#2127=IFCDIRECTION((0.,0.,1.));
#2128=IFCEXTRUDEDAREASOLID(#2122,#2126,#2127,3.2);
#2129=IFCSHAPEREPRESENTATION(#11,'Body','SweptSolid',(#2128));
#2130=IFCPRODUCTDEFINITIONSHAPE($,$,(#2129));
#2136=IFCCARTESIANPOINT((5.1,-11.25,0.));
#2137=IFCDIRECTION((0.,0.,1.));
#2138=IFCDIRECTION((1.,0.,0.));
#2139=IFCAXIS2PLACEMENT3D(#2136,#2137,#2138);
#2140=IFCLOCALPLACEMENT($,#2139);
#2141=IFCPROPERTYSET('2soRShann3SftnNZfrnfFe',$,'Pset_Reconstrucao',$,(#2143,#2144));
#2142=IFCRELDEFINESBYPROPERTIES('3we7OfbGr2Wg_hW$6gkxMg',$,$,$,(#2119),#2141);
#2143=IFCPROPERTYSINGLEVALUE('Fonte',$,IFCLABEL('PDF folha 01 (funda\X2\00E700E3\X0\o)'),$);
#2144=IFCPROPERTYSINGLEVALUE('Status',$,IFCLABEL('C'),$);
#2145=IFCCOLUMN('0NnhPjIZbF3xbGnLq3voBf',$,'P_F3',$,$,#2166,#2156,$,$);
#2146=IFCCARTESIANPOINTLIST2D(((0.,0.),(0.199999999999999,0.),(0.199999999999999,0.199999999999999),(0.,0.199999999999999)));
#2147=IFCINDEXEDPOLYCURVE(#2146,(IFCLINEINDEX((1,2,3,4,1))),$);
#2148=IFCARBITRARYCLOSEDPROFILEDEF(.AREA.,$,#2147);
#2149=IFCCARTESIANPOINT((0.,0.,0.));
#2150=IFCDIRECTION((0.,0.,1.));
#2151=IFCDIRECTION((1.,0.,0.));
#2152=IFCAXIS2PLACEMENT3D(#2149,#2150,#2151);
#2153=IFCDIRECTION((0.,0.,1.));
#2154=IFCEXTRUDEDAREASOLID(#2148,#2152,#2153,3.2);
#2155=IFCSHAPEREPRESENTATION(#11,'Body','SweptSolid',(#2154));
#2156=IFCPRODUCTDEFINITIONSHAPE($,$,(#2155));
#2162=IFCCARTESIANPOINT((8.3,-11.25,0.));
#2163=IFCDIRECTION((0.,0.,1.));
#2164=IFCDIRECTION((1.,0.,0.));
#2165=IFCAXIS2PLACEMENT3D(#2162,#2163,#2164);
#2166=IFCLOCALPLACEMENT($,#2165);
#2167=IFCPROPERTYSET('2Xdpqjfa1D7v2gdCCKeeXu',$,'Pset_Reconstrucao',$,(#2169,#2170));
#2168=IFCRELDEFINESBYPROPERTIES('3YPfQfO5zAyQBd$OaBOHaC',$,$,$,(#2145),#2167);
#2169=IFCPROPERTYSINGLEVALUE('Fonte',$,IFCLABEL('PDF folha 01 (funda\X2\00E700E3\X0\o)'),$);
#2170=IFCPROPERTYSINGLEVALUE('Status',$,IFCLABEL('C'),$);
#2171=IFCCOLUMN('3Ut3Nz1QXAE9GeyIW48PI5',$,'P_F6',$,$,#2192,#2182,$,$);
#2172=IFCCARTESIANPOINTLIST2D(((0.,0.),(0.199999999999999,0.),(0.199999999999999,0.199999999999999),(0.,0.199999999999999)));
#2173=IFCINDEXEDPOLYCURVE(#2172,(IFCLINEINDEX((1,2,3,4,1))),$);
#2174=IFCARBITRARYCLOSEDPROFILEDEF(.AREA.,$,#2173);
#2175=IFCCARTESIANPOINT((0.,0.,0.));
#2176=IFCDIRECTION((0.,0.,1.));
#2177=IFCDIRECTION((1.,0.,0.));
#2178=IFCAXIS2PLACEMENT3D(#2175,#2176,#2177);
#2179=IFCDIRECTION((0.,0.,1.));
#2180=IFCEXTRUDEDAREASOLID(#2174,#2178,#2179,3.2);
#2181=IFCSHAPEREPRESENTATION(#11,'Body','SweptSolid',(#2180));
#2182=IFCPRODUCTDEFINITIONSHAPE($,$,(#2181));
#2188=IFCCARTESIANPOINT((9.8,-11.25,0.));
#2189=IFCDIRECTION((0.,0.,1.));
#2190=IFCDIRECTION((1.,0.,0.));
#2191=IFCAXIS2PLACEMENT3D(#2188,#2189,#2190);
#2192=IFCLOCALPLACEMENT($,#2191);
#2193=IFCPROPERTYSET('2oowHUTjz5bBY2K3IcsTzm',$,'Pset_Reconstrucao',$,(#2195,#2196));
#2194=IFCRELDEFINESBYPROPERTIES('3MMi93k9X8lxmmaQShILtS',$,$,$,(#2171),#2193);
#2195=IFCPROPERTYSINGLEVALUE('Fonte',$,IFCLABEL('PDF folha 01 (funda\X2\00E700E3\X0\o)'),$);
#2196=IFCPROPERTYSINGLEVALUE('Status',$,IFCLABEL('C'),$);
#2197=IFCCOLUMN('0k7jlj5111seTnWqKTr_mi',$,'P_F7',$,$,#2218,#2208,$,$);
#2198=IFCCARTESIANPOINTLIST2D(((0.,0.),(0.199999999999999,0.),(0.199999999999999,0.399999999999999),(0.,0.399999999999999)));
#2199=IFCINDEXEDPOLYCURVE(#2198,(IFCLINEINDEX((1,2,3,4,1))),$);
#2200=IFCARBITRARYCLOSEDPROFILEDEF(.AREA.,$,#2199);
#2201=IFCCARTESIANPOINT((0.,0.,0.));
#2202=IFCDIRECTION((0.,0.,1.));
#2203=IFCDIRECTION((1.,0.,0.));
#2204=IFCAXIS2PLACEMENT3D(#2201,#2202,#2203);
#2205=IFCDIRECTION((0.,0.,1.));
#2206=IFCEXTRUDEDAREASOLID(#2200,#2204,#2205,3.2);
#2207=IFCSHAPEREPRESENTATION(#11,'Body','SweptSolid',(#2206));
#2208=IFCPRODUCTDEFINITIONSHAPE($,$,(#2207));
#2214=IFCCARTESIANPOINT((13.,-11.35,0.));
#2215=IFCDIRECTION((0.,0.,1.));
#2216=IFCDIRECTION((1.,0.,0.));
#2217=IFCAXIS2PLACEMENT3D(#2214,#2215,#2216);
#2218=IFCLOCALPLACEMENT($,#2217);
#2219=IFCPROPERTYSET('10wVlROzrFwve66Kt5HCkK',$,'Pset_Reconstrucao',$,(#2221,#2222));
#2220=IFCRELDEFINESBYPROPERTIES('0M3LjotsH7Rh08NlffXcU3',$,$,$,(#2197),#2219);
#2221=IFCPROPERTYSINGLEVALUE('Fonte',$,IFCLABEL('PDF folha 01 (funda\X2\00E700E3\X0\o)'),$);
#2222=IFCPROPERTYSINGLEVALUE('Status',$,IFCLABEL('C'),$);
#2223=IFCBEAM('2YtfF0Pgv86hPuwHRv9xPI',$,'V_A',$,$,#2244,#2234,$,$);
#2224=IFCCARTESIANPOINTLIST2D(((0.,0.),(13.3,0.),(13.3,0.2),(0.,0.2)));
#2225=IFCINDEXEDPOLYCURVE(#2224,(IFCLINEINDEX((1,2,3,4,1))),$);
#2226=IFCARBITRARYCLOSEDPROFILEDEF(.AREA.,$,#2225);
#2227=IFCCARTESIANPOINT((0.,0.,0.));
#2228=IFCDIRECTION((0.,0.,1.));
#2229=IFCDIRECTION((1.,0.,0.));
#2230=IFCAXIS2PLACEMENT3D(#2227,#2228,#2229);
#2231=IFCDIRECTION((0.,0.,1.));
#2232=IFCEXTRUDEDAREASOLID(#2226,#2230,#2231,0.3);
#2233=IFCSHAPEREPRESENTATION(#11,'Body','SweptSolid',(#2232));
#2234=IFCPRODUCTDEFINITIONSHAPE($,$,(#2233));
#2240=IFCCARTESIANPOINT((-0.1,-0.1,2.9));
#2241=IFCDIRECTION((0.,0.,1.));
#2242=IFCDIRECTION((1.,0.,0.));
#2243=IFCAXIS2PLACEMENT3D(#2240,#2241,#2242);
#2244=IFCLOCALPLACEMENT($,#2243);
#2245=IFCPROPERTYSET('2OzV4sTEb1w8Kzh$kM7$7C',$,'Pset_Reconstrucao',$,(#2247,#2248));
#2246=IFCRELDEFINESBYPROPERTIES('3OdX8ZzTz1ngAfLjmaMo8K',$,$,$,(#2223),#2245);
#2247=IFCPROPERTYSINGLEVALUE('Fonte',$,IFCLABEL('PDF folha 01 + cortes'),$);
#2248=IFCPROPERTYSINGLEVALUE('Status',$,IFCLABEL('C se\X2\00E700E3\X0\o / G tra\X2\00E7\X0\ado'),$);
#2249=IFCBEAM('3Og7xiVsnF6wz8yGjyExzR',$,'V_1',$,$,#2270,#2260,$,$);
#2250=IFCCARTESIANPOINTLIST2D(((0.,0.),(0.2,0.),(0.2,10.1),(0.,10.1)));
#2251=IFCINDEXEDPOLYCURVE(#2250,(IFCLINEINDEX((1,2,3,4,1))),$);
#2252=IFCARBITRARYCLOSEDPROFILEDEF(.AREA.,$,#2251);
#2253=IFCCARTESIANPOINT((0.,0.,0.));
#2254=IFCDIRECTION((0.,0.,1.));
#2255=IFCDIRECTION((1.,0.,0.));
#2256=IFCAXIS2PLACEMENT3D(#2253,#2254,#2255);
#2257=IFCDIRECTION((0.,0.,1.));
#2258=IFCEXTRUDEDAREASOLID(#2252,#2256,#2257,0.3);
#2259=IFCSHAPEREPRESENTATION(#11,'Body','SweptSolid',(#2258));
#2260=IFCPRODUCTDEFINITIONSHAPE($,$,(#2259));
#2266=IFCCARTESIANPOINT((-0.1,-10.,2.9));
#2267=IFCDIRECTION((0.,0.,1.));
#2268=IFCDIRECTION((1.,0.,0.));
#2269=IFCAXIS2PLACEMENT3D(#2266,#2267,#2268);
#2270=IFCLOCALPLACEMENT($,#2269);
#2271=IFCPROPERTYSET('17pc907unDGhL2WoWzAeFX',$,'Pset_Reconstrucao',$,(#2273,#2274));
#2272=IFCRELDEFINESBYPROPERTIES('1S93qPKpzD9gaFsy3RSEih',$,$,$,(#2249),#2271);
#2273=IFCPROPERTYSINGLEVALUE('Fonte',$,IFCLABEL('PDF folha 01 + cortes'),$);
#2274=IFCPROPERTYSINGLEVALUE('Status',$,IFCLABEL('C se\X2\00E700E3\X0\o / G tra\X2\00E7\X0\ado'),$);
#2275=IFCBEAM('2oamtiHtz5tuOldtuQeZfo',$,'V_7',$,$,#2296,#2286,$,$);
#2276=IFCCARTESIANPOINTLIST2D(((0.,0.),(0.199999999999999,0.),(0.199999999999999,11.35),(0.,11.35)));
#2277=IFCINDEXEDPOLYCURVE(#2276,(IFCLINEINDEX((1,2,3,4,1))),$);
#2278=IFCARBITRARYCLOSEDPROFILEDEF(.AREA.,$,#2277);
#2279=IFCCARTESIANPOINT((0.,0.,0.));
#2280=IFCDIRECTION((0.,0.,1.));
#2281=IFCDIRECTION((1.,0.,0.));
#2282=IFCAXIS2PLACEMENT3D(#2279,#2280,#2281);
#2283=IFCDIRECTION((0.,0.,1.));
#2284=IFCEXTRUDEDAREASOLID(#2278,#2282,#2283,0.3);
#2285=IFCSHAPEREPRESENTATION(#11,'Body','SweptSolid',(#2284));
#2286=IFCPRODUCTDEFINITIONSHAPE($,$,(#2285));
#2292=IFCCARTESIANPOINT((13.,-11.25,2.9));
#2293=IFCDIRECTION((0.,0.,1.));
#2294=IFCDIRECTION((1.,0.,0.));
#2295=IFCAXIS2PLACEMENT3D(#2292,#2293,#2294);
#2296=IFCLOCALPLACEMENT($,#2295);
#2297=IFCPROPERTYSET('0hBXdjgy98Feo7IgG3XuOj',$,'Pset_Reconstrucao',$,(#2299,#2300));
#2298=IFCRELDEFINESBYPROPERTIES('3q1FUKz5nDnfFjVGWFsSjf',$,$,$,(#2275),#2297);
#2299=IFCPROPERTYSINGLEVALUE('Fonte',$,IFCLABEL('PDF folha 01 + cortes'),$);
#2300=IFCPROPERTYSINGLEVALUE('Status',$,IFCLABEL('C se\X2\00E700E3\X0\o / G tra\X2\00E7\X0\ado'),$);
#2301=IFCBEAM('1NHxQpD5HFRhm5MRpE_OzD',$,'V_B',$,$,#2322,#2312,$,$);
#2302=IFCCARTESIANPOINTLIST2D(((0.,0.),(7.4,0.),(7.4,0.199999999999999),(0.,0.199999999999999)));
#2303=IFCINDEXEDPOLYCURVE(#2302,(IFCLINEINDEX((1,2,3,4,1))),$);
#2304=IFCARBITRARYCLOSEDPROFILEDEF(.AREA.,$,#2303);
#2305=IFCCARTESIANPOINT((0.,0.,0.));
#2306=IFCDIRECTION((0.,0.,1.));
#2307=IFCDIRECTION((1.,0.,0.));
#2308=IFCAXIS2PLACEMENT3D(#2305,#2306,#2307);
#2309=IFCDIRECTION((0.,0.,1.));
#2310=IFCEXTRUDEDAREASOLID(#2304,#2308,#2309,0.3);
#2311=IFCSHAPEREPRESENTATION(#11,'Body','SweptSolid',(#2310));
#2312=IFCPRODUCTDEFINITIONSHAPE($,$,(#2311));
#2318=IFCCARTESIANPOINT((5.8,-4.85,2.9));
#2319=IFCDIRECTION((0.,0.,1.));
#2320=IFCDIRECTION((1.,0.,0.));
#2321=IFCAXIS2PLACEMENT3D(#2318,#2319,#2320);
#2322=IFCLOCALPLACEMENT($,#2321);
#2323=IFCPROPERTYSET('0cFZ42c2185OKgSvLDddrK',$,'Pset_Reconstrucao',$,(#2325,#2326));
#2324=IFCRELDEFINESBYPROPERTIES('2OCPvwjPD5TepLyLwDJzVM',$,$,$,(#2301),#2323);
#2325=IFCPROPERTYSINGLEVALUE('Fonte',$,IFCLABEL('PDF folha 01 + cortes'),$);
#2326=IFCPROPERTYSINGLEVALUE('Status',$,IFCLABEL('C se\X2\00E700E3\X0\o / G tra\X2\00E7\X0\ado'),$);
#2327=IFCBEAM('2F6kdr8jbBEhv9zdGeseD5',$,'V_D',$,$,#2348,#2338,$,$);
#2328=IFCCARTESIANPOINTLIST2D(((0.,0.),(8.1,0.),(8.1,0.2),(0.,0.2)));
#2329=IFCINDEXEDPOLYCURVE(#2328,(IFCLINEINDEX((1,2,3,4,1))),$);
#2330=IFCARBITRARYCLOSEDPROFILEDEF(.AREA.,$,#2329);
#2331=IFCCARTESIANPOINT((0.,0.,0.));
#2332=IFCDIRECTION((0.,0.,1.));
#2333=IFCDIRECTION((1.,0.,0.));
#2334=IFCAXIS2PLACEMENT3D(#2331,#2332,#2333);
#2335=IFCDIRECTION((0.,0.,1.));
#2336=IFCEXTRUDEDAREASOLID(#2330,#2334,#2335,0.3);
#2337=IFCSHAPEREPRESENTATION(#11,'Body','SweptSolid',(#2336));
#2338=IFCPRODUCTDEFINITIONSHAPE($,$,(#2337));
#2344=IFCCARTESIANPOINT((5.1,-6.05,2.9));
#2345=IFCDIRECTION((0.,0.,1.));
#2346=IFCDIRECTION((1.,0.,0.));
#2347=IFCAXIS2PLACEMENT3D(#2344,#2345,#2346);
#2348=IFCLOCALPLACEMENT($,#2347);
#2349=IFCPROPERTYSET('1JJ4y6n0T1Xfk9ZDlcalgg',$,'Pset_Reconstrucao',$,(#2351,#2352));
#2350=IFCRELDEFINESBYPROPERTIES('2w8$Glrwf8z9ZloO3FrxFj',$,$,$,(#2327),#2349);
#2351=IFCPROPERTYSINGLEVALUE('Fonte',$,IFCLABEL('PDF folha 01 + cortes'),$);
#2352=IFCPROPERTYSINGLEVALUE('Status',$,IFCLABEL('C se\X2\00E700E3\X0\o / G tra\X2\00E7\X0\ado'),$);
#2353=IFCBEAM('1epCad0qfDfBOE8GYM8cEL',$,'V_E',$,$,#2374,#2364,$,$);
#2354=IFCCARTESIANPOINTLIST2D(((0.,0.),(5.4,0.),(5.4,0.199999999999999),(0.,0.199999999999999)));
#2355=IFCINDEXEDPOLYCURVE(#2354,(IFCLINEINDEX((1,2,3,4,1))),$);
#2356=IFCARBITRARYCLOSEDPROFILEDEF(.AREA.,$,#2355);
#2357=IFCCARTESIANPOINT((0.,0.,0.));
#2358=IFCDIRECTION((0.,0.,1.));
#2359=IFCDIRECTION((1.,0.,0.));
#2360=IFCAXIS2PLACEMENT3D(#2357,#2358,#2359);
#2361=IFCDIRECTION((0.,0.,1.));
#2362=IFCEXTRUDEDAREASOLID(#2356,#2360,#2361,0.3);
#2363=IFCSHAPEREPRESENTATION(#11,'Body','SweptSolid',(#2362));
#2364=IFCPRODUCTDEFINITIONSHAPE($,$,(#2363));
#2370=IFCCARTESIANPOINT((-0.1,-10.,2.9));
#2371=IFCDIRECTION((0.,0.,1.));
#2372=IFCDIRECTION((1.,0.,0.));
#2373=IFCAXIS2PLACEMENT3D(#2370,#2371,#2372);
#2374=IFCLOCALPLACEMENT($,#2373);
#2375=IFCPROPERTYSET('39gDxdF6L3fegwYVf7Jcji',$,'Pset_Reconstrucao',$,(#2377,#2378));
#2376=IFCRELDEFINESBYPROPERTIES('0H81JkC1TEwvkfMVii5TJ4',$,$,$,(#2353),#2375);
#2377=IFCPROPERTYSINGLEVALUE('Fonte',$,IFCLABEL('PDF folha 01 + cortes'),$);
#2378=IFCPROPERTYSINGLEVALUE('Status',$,IFCLABEL('C se\X2\00E700E3\X0\o / G tra\X2\00E7\X0\ado'),$);
#2379=IFCBEAM('2vY_kOq1LCEvLvsk$gE_Qi',$,'V_F',$,$,#2400,#2390,$,$);
#2380=IFCCARTESIANPOINTLIST2D(((0.,0.),(8.1,0.),(8.1,0.199999999999999),(0.,0.199999999999999)));
#2381=IFCINDEXEDPOLYCURVE(#2380,(IFCLINEINDEX((1,2,3,4,1))),$);
#2382=IFCARBITRARYCLOSEDPROFILEDEF(.AREA.,$,#2381);
#2383=IFCCARTESIANPOINT((0.,0.,0.));
#2384=IFCDIRECTION((0.,0.,1.));
#2385=IFCDIRECTION((1.,0.,0.));
#2386=IFCAXIS2PLACEMENT3D(#2383,#2384,#2385);
#2387=IFCDIRECTION((0.,0.,1.));
#2388=IFCEXTRUDEDAREASOLID(#2382,#2386,#2387,0.3);
#2389=IFCSHAPEREPRESENTATION(#11,'Body','SweptSolid',(#2388));
#2390=IFCPRODUCTDEFINITIONSHAPE($,$,(#2389));
#2396=IFCCARTESIANPOINT((5.1,-11.25,2.9));
#2397=IFCDIRECTION((0.,0.,1.));
#2398=IFCDIRECTION((1.,0.,0.));
#2399=IFCAXIS2PLACEMENT3D(#2396,#2397,#2398);
#2400=IFCLOCALPLACEMENT($,#2399);
#2401=IFCPROPERTYSET('01QQDvlBP1QvbeBo5RSgAZ',$,'Pset_Reconstrucao',$,(#2403,#2404));
#2402=IFCRELDEFINESBYPROPERTIES('1cUAEbgwDB68Q2WGYGn0To',$,$,$,(#2379),#2401);
#2403=IFCPROPERTYSINGLEVALUE('Fonte',$,IFCLABEL('PDF folha 01 + cortes'),$);
#2404=IFCPROPERTYSINGLEVALUE('Status',$,IFCLABEL('C se\X2\00E700E3\X0\o / G tra\X2\00E7\X0\ado'),$);
#2405=IFCBEAM('1ztsHRHnf8OPJi0gBhlFgH',$,'V_2',$,$,#2426,#2416,$,$);
#2406=IFCCARTESIANPOINTLIST2D(((0.,0.),(0.2,0.),(0.2,11.35),(0.,11.35)));
#2407=IFCINDEXEDPOLYCURVE(#2406,(IFCLINEINDEX((1,2,3,4,1))),$);
#2408=IFCARBITRARYCLOSEDPROFILEDEF(.AREA.,$,#2407);
#2409=IFCCARTESIANPOINT((0.,0.,0.));
#2410=IFCDIRECTION((0.,0.,1.));
#2411=IFCDIRECTION((1.,0.,0.));
#2412=IFCAXIS2PLACEMENT3D(#2409,#2410,#2411);
#2413=IFCDIRECTION((0.,0.,1.));
#2414=IFCEXTRUDEDAREASOLID(#2408,#2412,#2413,0.3);
#2415=IFCSHAPEREPRESENTATION(#11,'Body','SweptSolid',(#2414));
#2416=IFCPRODUCTDEFINITIONSHAPE($,$,(#2415));
#2422=IFCCARTESIANPOINT((5.1,-11.25,2.9));
#2423=IFCDIRECTION((0.,0.,1.));
#2424=IFCDIRECTION((1.,0.,0.));
#2425=IFCAXIS2PLACEMENT3D(#2422,#2423,#2424);
#2426=IFCLOCALPLACEMENT($,#2425);
#2427=IFCPROPERTYSET('1RjACUhUL1QQV$J7ePwz$O',$,'Pset_Reconstrucao',$,(#2429,#2430));
#2428=IFCRELDEFINESBYPROPERTIES('0Q_tChK412uv8$DqSSHG2J',$,$,$,(#2405),#2427);
#2429=IFCPROPERTYSINGLEVALUE('Fonte',$,IFCLABEL('PDF folha 01 + cortes'),$);
#2430=IFCPROPERTYSINGLEVALUE('Status',$,IFCLABEL('C se\X2\00E700E3\X0\o / G tra\X2\00E7\X0\ado'),$);
#2431=IFCBEAM('0B0DBIVgj6avzExsLlFTuG',$,'V_3',$,$,#2452,#2442,$,$);
#2432=IFCCARTESIANPOINTLIST2D(((0.,0.),(0.199999999999999,0.),(0.199999999999999,11.55),(0.,11.55)));
#2433=IFCINDEXEDPOLYCURVE(#2432,(IFCLINEINDEX((1,2,3,4,1))),$);
#2434=IFCARBITRARYCLOSEDPROFILEDEF(.AREA.,$,#2433);
#2435=IFCCARTESIANPOINT((0.,0.,0.));
#2436=IFCDIRECTION((0.,0.,1.));
#2437=IFCDIRECTION((1.,0.,0.));
#2438=IFCAXIS2PLACEMENT3D(#2435,#2436,#2437);
#2439=IFCDIRECTION((0.,0.,1.));
#2440=IFCEXTRUDEDAREASOLID(#2434,#2438,#2439,0.3);
#2441=IFCSHAPEREPRESENTATION(#11,'Body','SweptSolid',(#2440));
#2442=IFCPRODUCTDEFINITIONSHAPE($,$,(#2441));
#2448=IFCCARTESIANPOINT((8.3,-11.45,2.9));
#2449=IFCDIRECTION((0.,0.,1.));
#2450=IFCDIRECTION((1.,0.,0.));
#2451=IFCAXIS2PLACEMENT3D(#2448,#2449,#2450);
#2452=IFCLOCALPLACEMENT($,#2451);
#2453=IFCPROPERTYSET('2gnO8Fkfb1jhp9v7J7LlKn',$,'Pset_Reconstrucao',$,(#2455,#2456));
#2454=IFCRELDEFINESBYPROPERTIES('3pd3iCdsP7GxG6KYPqw0$7',$,$,$,(#2431),#2453);
#2455=IFCPROPERTYSINGLEVALUE('Fonte',$,IFCLABEL('PDF folha 01 + cortes'),$);
#2456=IFCPROPERTYSINGLEVALUE('Status',$,IFCLABEL('C se\X2\00E700E3\X0\o / G tra\X2\00E7\X0\ado'),$);
#2457=IFCBEAM('3F0zQ6OuT6FBAtr891UZoC',$,'V_6',$,$,#2478,#2468,$,$);
#2458=IFCCARTESIANPOINTLIST2D(((0.,0.),(0.199999999999999,0.),(0.199999999999999,6.8),(0.,6.8)));
#2459=IFCINDEXEDPOLYCURVE(#2458,(IFCLINEINDEX((1,2,3,4,1))),$);
#2460=IFCARBITRARYCLOSEDPROFILEDEF(.AREA.,$,#2459);
#2461=IFCCARTESIANPOINT((0.,0.,0.));
#2462=IFCDIRECTION((0.,0.,1.));
#2463=IFCDIRECTION((1.,0.,0.));
#2464=IFCAXIS2PLACEMENT3D(#2461,#2462,#2463);
#2465=IFCDIRECTION((0.,0.,1.));
#2466=IFCEXTRUDEDAREASOLID(#2460,#2464,#2465,0.3);
#2467=IFCSHAPEREPRESENTATION(#11,'Body','SweptSolid',(#2466));
#2468=IFCPRODUCTDEFINITIONSHAPE($,$,(#2467));
#2474=IFCCARTESIANPOINT((9.8,-11.45,2.9));
#2475=IFCDIRECTION((0.,0.,1.));
#2476=IFCDIRECTION((1.,0.,0.));
#2477=IFCAXIS2PLACEMENT3D(#2474,#2475,#2476);
#2478=IFCLOCALPLACEMENT($,#2477);
#2479=IFCPROPERTYSET('2an14OEQXCnANMfMevSt3L',$,'Pset_Reconstrucao',$,(#2481,#2482));
#2480=IFCRELDEFINESBYPROPERTIES('28W8TgQTf4txQO0V1_Qx0v',$,$,$,(#2457),#2479);
#2481=IFCPROPERTYSINGLEVALUE('Fonte',$,IFCLABEL('PDF folha 01 + cortes'),$);
#2482=IFCPROPERTYSINGLEVALUE('Status',$,IFCLABEL('C se\X2\00E700E3\X0\o / G tra\X2\00E7\X0\ado'),$);
#2483=IFCSPACE('2m$Os7Pz14k9ddHyezDouw',$,'Sala de jantar + cozinha',$,$,#2505,#2494,$,$,$,$);
#2484=IFCCARTESIANPOINTLIST2D(((0.,0.),(8.2,0.),(8.2,4.55),(0.,4.55)));
#2485=IFCINDEXEDPOLYCURVE(#2484,(IFCLINEINDEX((1,2,3,4,1))),$);
#2486=IFCARBITRARYCLOSEDPROFILEDEF(.AREA.,$,#2485);
#2487=IFCCARTESIANPOINT((0.,0.,0.));
#2488=IFCDIRECTION((0.,0.,1.));
#2489=IFCDIRECTION((1.,0.,0.));
#2490=IFCAXIS2PLACEMENT3D(#2487,#2488,#2489);
#2491=IFCDIRECTION((0.,0.,1.));
#2492=IFCEXTRUDEDAREASOLID(#2486,#2490,#2491,3.05);
#2493=IFCSHAPEREPRESENTATION(#11,'Body','SweptSolid',(#2492));
#2494=IFCPRODUCTDEFINITIONSHAPE($,$,(#2493));
#2500=IFCRELAGGREGATES('2WdL7JbBn6AOrT0GrcDI$t',$,$,$,#14,(#2673,#2619,#2538,#2565,#2754,#2727,#2700,#2483,#2592,#2511,#2646));
#2501=IFCCARTESIANPOINT((0.1,-4.65,0.));
#2502=IFCDIRECTION((0.,0.,1.));
#2503=IFCDIRECTION((1.,0.,0.));
#2504=IFCAXIS2PLACEMENT3D(#2501,#2502,#2503);
#2505=IFCLOCALPLACEMENT($,#2504);
#2506=IFCPROPERTYSET('2YGJ8ABvfEBwFMIBsybwPo',$,'Pset_Reconstrucao',$,(#2508,#2509,#2510));
#2507=IFCRELDEFINESBYPROPERTIES('2wHHEj5_18bwA3pr1ZRMVg',$,$,$,(#2483),#2506);
#2508=IFCPROPERTYSINGLEVALUE('Fonte',$,IFCLABEL('PDF folha 02'),$);
#2509=IFCPROPERTYSINGLEVALUE('Status',$,IFCLABEL('X'),$);
#2510=IFCPROPERTYSINGLEVALUE('Area_aprox_m2',$,IFCLABEL('37.31'),$);
#2511=IFCSPACE('185AKov391MgenAEpuVvLr',$,'Sala de estar',$,$,#2532,#2522,$,$,$,$);
#2512=IFCCARTESIANPOINTLIST2D(((0.,0.),(5.,0.),(5.,4.95),(0.,4.95)));
#2513=IFCINDEXEDPOLYCURVE(#2512,(IFCLINEINDEX((1,2,3,4,1))),$);
#2514=IFCARBITRARYCLOSEDPROFILEDEF(.AREA.,$,#2513);
#2515=IFCCARTESIANPOINT((0.,0.,0.));
#2516=IFCDIRECTION((0.,0.,1.));
#2517=IFCDIRECTION((1.,0.,0.));
#2518=IFCAXIS2PLACEMENT3D(#2515,#2516,#2517);
#2519=IFCDIRECTION((0.,0.,1.));
#2520=IFCEXTRUDEDAREASOLID(#2514,#2518,#2519,3.05);
#2521=IFCSHAPEREPRESENTATION(#11,'Body','SweptSolid',(#2520));
#2522=IFCPRODUCTDEFINITIONSHAPE($,$,(#2521));
#2528=IFCCARTESIANPOINT((0.1,-9.8,0.));
#2529=IFCDIRECTION((0.,0.,1.));
#2530=IFCDIRECTION((1.,0.,0.));
#2531=IFCAXIS2PLACEMENT3D(#2528,#2529,#2530);
#2532=IFCLOCALPLACEMENT($,#2531);
#2533=IFCPROPERTYSET('0ZOb_A_GPAm9hIIS1sErAA',$,'Pset_Reconstrucao',$,(#2535,#2536,#2537));
#2534=IFCRELDEFINESBYPROPERTIES('0JEhYolQfAeefHCXgKmxzX',$,$,$,(#2511),#2533);
#2535=IFCPROPERTYSINGLEVALUE('Fonte',$,IFCLABEL('PDF folha 02'),$);
#2536=IFCPROPERTYSINGLEVALUE('Status',$,IFCLABEL('X (5,00 C)'),$);
#2537=IFCPROPERTYSINGLEVALUE('Area_aprox_m2',$,IFCLABEL('24.75'),$);
#2538=IFCSPACE('07RHu87rL4T9TMTO_inzpE',$,'Corredor',$,$,#2559,#2549,$,$,$,$);
#2539=IFCCARTESIANPOINTLIST2D(((0.,0.),(7.9,0.),(7.9,1.),(0.,1.)));
#2540=IFCINDEXEDPOLYCURVE(#2539,(IFCLINEINDEX((1,2,3,4,1))),$);
#2541=IFCARBITRARYCLOSEDPROFILEDEF(.AREA.,$,#2540);
#2542=IFCCARTESIANPOINT((0.,0.,0.));
#2543=IFCDIRECTION((0.,0.,1.));
#2544=IFCDIRECTION((1.,0.,0.));
#2545=IFCAXIS2PLACEMENT3D(#2542,#2543,#2544);
#2546=IFCDIRECTION((0.,0.,1.));
#2547=IFCEXTRUDEDAREASOLID(#2541,#2545,#2546,3.05);
#2548=IFCSHAPEREPRESENTATION(#11,'Body','SweptSolid',(#2547));
#2549=IFCPRODUCTDEFINITIONSHAPE($,$,(#2548));
#2555=IFCCARTESIANPOINT((5.1,-5.85,0.));
#2556=IFCDIRECTION((0.,0.,1.));
#2557=IFCDIRECTION((1.,0.,0.));
#2558=IFCAXIS2PLACEMENT3D(#2555,#2556,#2557);
#2559=IFCLOCALPLACEMENT($,#2558);
#2560=IFCPROPERTYSET('1slVcOxFTB28Ozhm_GcHBW',$,'Pset_Reconstrucao',$,(#2562,#2563,#2564));
#2561=IFCRELDEFINESBYPROPERTIES('3xn2$sWYb1hBu6CchZwspk',$,$,$,(#2538),#2560);
#2562=IFCPROPERTYSINGLEVALUE('Fonte',$,IFCLABEL('PDF folha 02'),$);
#2563=IFCPROPERTYSINGLEVALUE('Status',$,IFCLABEL('C 1,00'),$);
#2564=IFCPROPERTYSINGLEVALUE('Area_aprox_m2',$,IFCLABEL('7.9'),$);
#2565=IFCSPACE('1Hgx5USPXEhgmln3S8Kr6_',$,'Despensa',$,$,#2586,#2576,$,$,$,$);
#2566=IFCCARTESIANPOINTLIST2D(((0.,0.),(1.75,0.),(1.75,1.5),(0.,1.5)));
#2567=IFCINDEXEDPOLYCURVE(#2566,(IFCLINEINDEX((1,2,3,4,1))),$);
#2568=IFCARBITRARYCLOSEDPROFILEDEF(.AREA.,$,#2567);
#2569=IFCCARTESIANPOINT((0.,0.,0.));
#2570=IFCDIRECTION((0.,0.,1.));
#2571=IFCDIRECTION((1.,0.,0.));
#2572=IFCAXIS2PLACEMENT3D(#2569,#2570,#2571);
#2573=IFCDIRECTION((0.,0.,1.));
#2574=IFCEXTRUDEDAREASOLID(#2568,#2572,#2573,3.05);
#2575=IFCSHAPEREPRESENTATION(#11,'Body','SweptSolid',(#2574));
#2576=IFCPRODUCTDEFINITIONSHAPE($,$,(#2575));
#2582=IFCCARTESIANPOINT((6.55,-2.8,0.));
#2583=IFCDIRECTION((0.,0.,1.));
#2584=IFCDIRECTION((1.,0.,0.));
#2585=IFCAXIS2PLACEMENT3D(#2582,#2583,#2584);
#2586=IFCLOCALPLACEMENT($,#2585);
#2587=IFCPROPERTYSET('2T$rVIi0L8qedL3YfdYAaD',$,'Pset_Reconstrucao',$,(#2589,#2590,#2591));
#2588=IFCRELDEFINESBYPROPERTIES('1uyEQbbcDEARQCxY29dlUQ',$,$,$,(#2565),#2587);
#2589=IFCPROPERTYSINGLEVALUE('Fonte',$,IFCLABEL('PDF folha 02'),$);
#2590=IFCPROPERTYSINGLEVALUE('Status',$,IFCLABEL('G'),$);
#2591=IFCPROPERTYSINGLEVALUE('Area_aprox_m2',$,IFCLABEL('2.63'),$);
#2592=IFCSPACE('0pRxvIp8DFzRFdUWAvDX8C',$,'WC social',$,$,#2613,#2603,$,$,$,$);
#2593=IFCCARTESIANPOINTLIST2D(((0.,0.),(1.75,0.),(1.75,1.7),(0.,1.7)));
#2594=IFCINDEXEDPOLYCURVE(#2593,(IFCLINEINDEX((1,2,3,4,1))),$);
#2595=IFCARBITRARYCLOSEDPROFILEDEF(.AREA.,$,#2594);
#2596=IFCCARTESIANPOINT((0.,0.,0.));
#2597=IFCDIRECTION((0.,0.,1.));
#2598=IFCDIRECTION((1.,0.,0.));
#2599=IFCAXIS2PLACEMENT3D(#2596,#2597,#2598);
#2600=IFCDIRECTION((0.,0.,1.));
#2601=IFCEXTRUDEDAREASOLID(#2595,#2599,#2600,3.05);
#2602=IFCSHAPEREPRESENTATION(#11,'Body','SweptSolid',(#2601));
#2603=IFCPRODUCTDEFINITIONSHAPE($,$,(#2602));
#2609=IFCCARTESIANPOINT((6.55,-4.65,0.));
#2610=IFCDIRECTION((0.,0.,1.));
#2611=IFCDIRECTION((1.,0.,0.));
#2612=IFCAXIS2PLACEMENT3D(#2609,#2610,#2611);
#2613=IFCLOCALPLACEMENT($,#2612);
#2614=IFCPROPERTYSET('1Gr1syYuDFORTYKK18_Fy1',$,'Pset_Reconstrucao',$,(#2616,#2617,#2618));
#2615=IFCRELDEFINESBYPROPERTIES('3isdA18PzCmuEVWS0_XnSW',$,$,$,(#2592),#2614);
#2616=IFCPROPERTYSINGLEVALUE('Fonte',$,IFCLABEL('PDF folha 02'),$);
#2617=IFCPROPERTYSINGLEVALUE('Status',$,IFCLABEL('G (1,70 C)'),$);
#2618=IFCPROPERTYSINGLEVALUE('Area_aprox_m2',$,IFCLABEL('2.98'),$);
#2619=IFCSPACE('1krd7dr8bB$vCgJuOIJS4w',$,'Garagem (coberta, aberta a norte e leste)',$,$,#2640,#2630,$,$,$,$);
#2620=IFCCARTESIANPOINTLIST2D(((0.,0.),(4.7,0.),(4.7,4.75),(0.,4.75)));
#2621=IFCINDEXEDPOLYCURVE(#2620,(IFCLINEINDEX((1,2,3,4,1))),$);
#2622=IFCARBITRARYCLOSEDPROFILEDEF(.AREA.,$,#2621);
#2623=IFCCARTESIANPOINT((0.,0.,0.));
#2624=IFCDIRECTION((0.,0.,1.));
#2625=IFCDIRECTION((1.,0.,0.));
#2626=IFCAXIS2PLACEMENT3D(#2623,#2624,#2625);
#2627=IFCDIRECTION((0.,0.,1.));
#2628=IFCEXTRUDEDAREASOLID(#2622,#2626,#2627,3.05);
#2629=IFCSHAPEREPRESENTATION(#11,'Body','SweptSolid',(#2628));
#2630=IFCPRODUCTDEFINITIONSHAPE($,$,(#2629));
#2636=IFCCARTESIANPOINT((8.5,-4.65,0.));
#2637=IFCDIRECTION((0.,0.,1.));
#2638=IFCDIRECTION((1.,0.,0.));
#2639=IFCAXIS2PLACEMENT3D(#2636,#2637,#2638);
#2640=IFCLOCALPLACEMENT($,#2639);
#2641=IFCPROPERTYSET('3aYNW_thL5NPDHwGtKgXOA',$,'Pset_Reconstrucao',$,(#2643,#2644,#2645));
#2642=IFCRELDEFINESBYPROPERTIES('3N21ozYiT1TAVOnw7uBVtO',$,$,$,(#2619),#2641);
#2643=IFCPROPERTYSINGLEVALUE('Fonte',$,IFCLABEL('PDF folha 02'),$);
#2644=IFCPROPERTYSINGLEVALUE('Status',$,IFCLABEL('C 4,30 / 4,65'),$);
#2645=IFCPROPERTYSINGLEVALUE('Area_aprox_m2',$,IFCLABEL('22.32'),$);
#2646=IFCSPACE('0W1dVshFb5FwAhutQdNnPA',$,'Suite 2',$,$,#2667,#2657,$,$,$,$);
#2647=IFCCARTESIANPOINTLIST2D(((0.,0.),(3.,0.),(3.,5.),(0.,5.)));
#2648=IFCINDEXEDPOLYCURVE(#2647,(IFCLINEINDEX((1,2,3,4,1))),$);
#2649=IFCARBITRARYCLOSEDPROFILEDEF(.AREA.,$,#2648);
#2650=IFCCARTESIANPOINT((0.,0.,0.));
#2651=IFCDIRECTION((0.,0.,1.));
#2652=IFCDIRECTION((1.,0.,0.));
#2653=IFCAXIS2PLACEMENT3D(#2650,#2651,#2652);
#2654=IFCDIRECTION((0.,0.,1.));
#2655=IFCEXTRUDEDAREASOLID(#2649,#2653,#2654,3.05);
#2656=IFCSHAPEREPRESENTATION(#11,'Body','SweptSolid',(#2655));
#2657=IFCPRODUCTDEFINITIONSHAPE($,$,(#2656));
#2663=IFCCARTESIANPOINT((5.3,-11.05,0.));
#2664=IFCDIRECTION((0.,0.,1.));
#2665=IFCDIRECTION((1.,0.,0.));
#2666=IFCAXIS2PLACEMENT3D(#2663,#2664,#2665);
#2667=IFCLOCALPLACEMENT($,#2666);
#2668=IFCPROPERTYSET('3FCESrMgTEjwDWFBS2tk0C',$,'Pset_Reconstrucao',$,(#2670,#2671,#2672));
#2669=IFCRELDEFINESBYPROPERTIES('2NQrCHaqXF5QRcFL5ZKLhZ',$,$,$,(#2646),#2668);
#2670=IFCPROPERTYSINGLEVALUE('Fonte',$,IFCLABEL('PDF folha 02'),$);
#2671=IFCPROPERTYSINGLEVALUE('Status',$,IFCLABEL('C 3,00'),$);
#2672=IFCPROPERTYSINGLEVALUE('Area_aprox_m2',$,IFCLABEL('15.0'),$);
#2673=IFCSPACE('0aCx1KdTHFKxrLF0BL8Unn',$,'WC Suite 2',$,$,#2694,#2684,$,$,$,$);
#2674=IFCCARTESIANPOINTLIST2D(((0.,0.),(1.3,0.),(1.3,2.45),(0.,2.45)));
#2675=IFCINDEXEDPOLYCURVE(#2674,(IFCLINEINDEX((1,2,3,4,1))),$);
#2676=IFCARBITRARYCLOSEDPROFILEDEF(.AREA.,$,#2675);
#2677=IFCCARTESIANPOINT((0.,0.,0.));
#2678=IFCDIRECTION((0.,0.,1.));
#2679=IFCDIRECTION((1.,0.,0.));
#2680=IFCAXIS2PLACEMENT3D(#2677,#2678,#2679);
#2681=IFCDIRECTION((0.,0.,1.));
#2682=IFCEXTRUDEDAREASOLID(#2676,#2680,#2681,3.05);
#2683=IFCSHAPEREPRESENTATION(#11,'Body','SweptSolid',(#2682));
#2684=IFCPRODUCTDEFINITIONSHAPE($,$,(#2683));
#2690=IFCCARTESIANPOINT((8.5,-8.5,0.));
#2691=IFCDIRECTION((0.,0.,1.));
#2692=IFCDIRECTION((1.,0.,0.));
#2693=IFCAXIS2PLACEMENT3D(#2690,#2691,#2692);
#2694=IFCLOCALPLACEMENT($,#2693);
#2695=IFCPROPERTYSET('38PmBbgcv8ZwQxBQPHmo1i',$,'Pset_Reconstrucao',$,(#2697,#2698,#2699));
#2696=IFCRELDEFINESBYPROPERTIES('0E_dnzJMrBb9_42koaxdxX',$,$,$,(#2673),#2695);
#2697=IFCPROPERTYSINGLEVALUE('Fonte',$,IFCLABEL('PDF folha 02'),$);
#2698=IFCPROPERTYSINGLEVALUE('Status',$,IFCLABEL('C 1,30 x 2,45'),$);
#2699=IFCPROPERTYSINGLEVALUE('Area_aprox_m2',$,IFCLABEL('3.19'),$);
#2700=IFCSPACE('0RuOkkGhPAwfVozkGuPkb8',$,'WC Suite 1',$,$,#2721,#2711,$,$,$,$);
#2701=IFCCARTESIANPOINTLIST2D(((0.,0.),(1.3,0.),(1.3,2.6),(0.,2.6)));
#2702=IFCINDEXEDPOLYCURVE(#2701,(IFCLINEINDEX((1,2,3,4,1))),$);
#2703=IFCARBITRARYCLOSEDPROFILEDEF(.AREA.,$,#2702);
#2704=IFCCARTESIANPOINT((0.,0.,0.));
#2705=IFCDIRECTION((0.,0.,1.));
#2706=IFCDIRECTION((1.,0.,0.));
#2707=IFCAXIS2PLACEMENT3D(#2704,#2705,#2706);
#2708=IFCDIRECTION((0.,0.,1.));
#2709=IFCEXTRUDEDAREASOLID(#2703,#2707,#2708,3.05);
#2710=IFCSHAPEREPRESENTATION(#11,'Body','SweptSolid',(#2709));
#2711=IFCPRODUCTDEFINITIONSHAPE($,$,(#2710));
#2717=IFCCARTESIANPOINT((8.5,-11.25,0.));
#2718=IFCDIRECTION((0.,0.,1.));
#2719=IFCDIRECTION((1.,0.,0.));
#2720=IFCAXIS2PLACEMENT3D(#2717,#2718,#2719);
#2721=IFCLOCALPLACEMENT($,#2720);
#2722=IFCPROPERTYSET('1rmrzklzD0sgJA$GQz67PS',$,'Pset_Reconstrucao',$,(#2724,#2725,#2726));
#2723=IFCRELDEFINESBYPROPERTIES('2E1GJwlILAv8p8FMaulVHP',$,$,$,(#2700),#2722);
#2724=IFCPROPERTYSINGLEVALUE('Fonte',$,IFCLABEL('PDF folha 02'),$);
#2725=IFCPROPERTYSINGLEVALUE('Status',$,IFCLABEL('C 1,30 / G'),$);
#2726=IFCPROPERTYSINGLEVALUE('Area_aprox_m2',$,IFCLABEL('3.38'),$);
#2727=IFCSPACE('3khnWWbQT1W9KFWAtoqqT4',$,'Suite 1',$,$,#2748,#2738,$,$,$,$);
#2728=IFCCARTESIANPOINTLIST2D(((0.,0.),(3.,0.),(3.,5.),(0.,5.)));
#2729=IFCINDEXEDPOLYCURVE(#2728,(IFCLINEINDEX((1,2,3,4,1))),$);
#2730=IFCARBITRARYCLOSEDPROFILEDEF(.AREA.,$,#2729);
#2731=IFCCARTESIANPOINT((0.,0.,0.));
#2732=IFCDIRECTION((0.,0.,1.));
#2733=IFCDIRECTION((1.,0.,0.));
#2734=IFCAXIS2PLACEMENT3D(#2731,#2732,#2733);
#2735=IFCDIRECTION((0.,0.,1.));
#2736=IFCEXTRUDEDAREASOLID(#2730,#2734,#2735,3.05);
#2737=IFCSHAPEREPRESENTATION(#11,'Body','SweptSolid',(#2736));
#2738=IFCPRODUCTDEFINITIONSHAPE($,$,(#2737));
#2744=IFCCARTESIANPOINT((10.,-11.05,0.));
#2745=IFCDIRECTION((0.,0.,1.));
#2746=IFCDIRECTION((1.,0.,0.));
#2747=IFCAXIS2PLACEMENT3D(#2744,#2745,#2746);
#2748=IFCLOCALPLACEMENT($,#2747);
#2749=IFCPROPERTYSET('2qyG_fChv8Fe4O34KZPSbD',$,'Pset_Reconstrucao',$,(#2751,#2752,#2753));
#2750=IFCRELDEFINESBYPROPERTIES('0oNZ564df6ygoKfu5iyWc1',$,$,$,(#2727),#2749);
#2751=IFCPROPERTYSINGLEVALUE('Fonte',$,IFCLABEL('PDF folha 02'),$);
#2752=IFCPROPERTYSINGLEVALUE('Status',$,IFCLABEL('C 3,00'),$);
#2753=IFCPROPERTYSINGLEVALUE('Area_aprox_m2',$,IFCLABEL('15.0'),$);
#2754=IFCSPACE('1spEMxzZz6jR$t_Gs$J9iW',$,'\X2\00C1\X0\rea de servi\X2\00E7\X0\o (nicho externo com portas)',$,$,#2775,#2765,$,$,$,$);
#2755=IFCCARTESIANPOINTLIST2D(((0.,0.),(3.4,0.),(3.4,0.6),(0.,0.6)));
#2756=IFCINDEXEDPOLYCURVE(#2755,(IFCLINEINDEX((1,2,3,4,1))),$);
#2757=IFCARBITRARYCLOSEDPROFILEDEF(.AREA.,$,#2756);
#2758=IFCCARTESIANPOINT((0.,0.,0.));
#2759=IFCDIRECTION((0.,0.,1.));
#2760=IFCDIRECTION((1.,0.,0.));
#2761=IFCAXIS2PLACEMENT3D(#2758,#2759,#2760);
#2762=IFCDIRECTION((0.,0.,1.));
#2763=IFCEXTRUDEDAREASOLID(#2757,#2761,#2762,3.05);
#2764=IFCSHAPEREPRESENTATION(#11,'Body','SweptSolid',(#2763));
#2765=IFCPRODUCTDEFINITIONSHAPE($,$,(#2764));
#2771=IFCCARTESIANPOINT((0.9,-10.6,0.));
#2772=IFCDIRECTION((0.,0.,1.));
#2773=IFCDIRECTION((1.,0.,0.));
#2774=IFCAXIS2PLACEMENT3D(#2771,#2772,#2773);
#2775=IFCLOCALPLACEMENT($,#2774);
#2776=IFCPROPERTYSET('1wdu_iMmfEd8REAnkqqSEz',$,'Pset_Reconstrucao',$,(#2778,#2779,#2780));
#2777=IFCRELDEFINESBYPROPERTIES('2e8eK8sQn2RRJY0nQBvsSc',$,$,$,(#2754),#2776);
#2778=IFCPROPERTYSINGLEVALUE('Fonte',$,IFCLABEL('PDF folha 02'),$);
#2779=IFCPROPERTYSINGLEVALUE('Status',$,IFCLABEL('C 1,20/0,60/1,20 ; nome pela p\X2\00E1\X0\g. 26'),$);
#2780=IFCPROPERTYSINGLEVALUE('Area_aprox_m2',$,IFCLABEL('2.04'),$);
#2781=IFCBUILDINGELEMENTPROXY('287TC9o5X8MxlIGorxCT1X',$,'Piscina 2,50 x 9,50',$,$,#2802,#2792,$,$);
#2782=IFCCARTESIANPOINTLIST2D(((0.,0.),(2.5,0.),(2.5,9.5),(0.,9.5)));
#2783=IFCINDEXEDPOLYCURVE(#2782,(IFCLINEINDEX((1,2,3,4,1))),$);
#2784=IFCARBITRARYCLOSEDPROFILEDEF(.AREA.,$,#2783);
#2785=IFCCARTESIANPOINT((0.,0.,0.));
#2786=IFCDIRECTION((0.,0.,1.));
#2787=IFCDIRECTION((1.,0.,0.));
#2788=IFCAXIS2PLACEMENT3D(#2785,#2786,#2787);
#2789=IFCDIRECTION((0.,0.,1.));
#2790=IFCEXTRUDEDAREASOLID(#2784,#2788,#2789,1.4);
#2791=IFCSHAPEREPRESENTATION(#11,'Body','SweptSolid',(#2790));
#2792=IFCPRODUCTDEFINITIONSHAPE($,$,(#2791));
#2798=IFCCARTESIANPOINT((-6.6,-9.6,-1.45));
#2799=IFCDIRECTION((0.,0.,1.));
#2800=IFCDIRECTION((1.,0.,0.));
#2801=IFCAXIS2PLACEMENT3D(#2798,#2799,#2800);
#2802=IFCLOCALPLACEMENT($,#2801);
#2803=IFCPROPERTYSET('1NIQaH_lf91w0aoZ5k9t3S',$,'Pset_Reconstrucao',$,(#2805,#2806));
#2804=IFCRELDEFINESBYPROPERTIES('3XmgRSq6vF1f5PVRYoTyDC',$,$,$,(#2781),#2803);
#2805=IFCPROPERTYSINGLEVALUE('Fonte',$,IFCLABEL('PDF folha 02 (editada)'),$);
#2806=IFCPROPERTYSINGLEVALUE('Status',$,IFCLABEL('C 2,50 x 9,50 ; posi\X2\00E700E3\X0\o G (desenho editado em escala diferente da casa) ; profundidade H'),$);
ENDSEC;
END-ISO-10303-21;
